" ","Cereals","Other crops","Roots and tubers","SugarCrops","Pulses","Nuts","Oil bearing crops","Vegetables","Fruits","Fibres","Crop residues used","Grazed biomass","Hardwood logs","Softwood logs","Wood fuel and other extraction","Livestock","Other agricultural products","Sand","Silica","Gravel","Bentonite clay","Kaolin clay","Refactory clay","Other clay","Limestone","Gypsum","Dolomite and chalk","Dimension stone","Crushed broken stone","Other minerals, mining and quarry products","Chemical and fertilizer minerals","Lithium","Salt","Iron ores","Copper ores","Nickel ores","Lead ores","Zinc ores","Tin ores","Gold ores","Silver ores","Other precious metal ores","Cobalt ores","Bauxite and other aluminium ores","Manganese ores","Cadmium ores","Chromium ores","Titanium ores","Zirconium ores","Uranium ores","All other ores","Bitumen","Float, cast and rolled glass","Glass wool and fibre","Other glass products","Ceramics and other refractories","Clay bricks","Terracotta roofing tiles","Sawn hardwood","Sawn softwood","Wood particleboard and fibreboard","Plywood","Veneer","Pig iron production","Alumina production","Basic steel production","Basic copper production","Basic aluminium production","Basic zinc production","Basic lead production","Basic nickel production","Basic tin production","Basic gold production","Basic silver production","Basic cobalt production","Basic cadmium production","Other metals production","Cement ","Plasterboard","Premixed concrete","Concrete Brick, Block and Pavers ","Concrete roofing tiles","Asphalt","Brown coal","Hard coal","Peat","Crude oil and natural gas liquids","Natural gas","Other oil and petroleum products","Iron and steel products","Copper products","Aluminium products","Zinc products","Lead products","Nickel products","Other metal products","Insulated wire and cabling","Copper scrap","Fertilizers","Chemicals and related products","Manufactured food products","Beverages and tobacco","Animal and vegetable fats and oils","All other manufacturing","Machinery and transport equipment","Residential construction (new building)","Residential construction (repair, rennovation, alteration)","Residential demolition","Commercial construction (new building)","Commercial construction (repair, rennovation, alteration)","Commercial demolition","Other non-building construction (building)","Other non-building construction (repair, rennovation, alteration)","Other non-building demolition","Infrastructure construction (new)","Infrastructure construction (repair, rennovation, alteration)","Infrastructure demolition","Waste treatment: landfill (Steel)","Waste treatment: landfill (Copper)","Waste treatment: landfill (Aluminium)","Waste treatment: landfill (Lead)","Waste treatment: landfill (Other metals)","Waste treatment: landfill (Concrete, Masonry)","Waste treatment: landfill (Plasterboard)","Waste treatment: landfill (Timber)","Waste treatment: landfill (Glass)","Waste treatment: landfill (All other waste)","Waste treatment: recycling (Steel)","Waste treatment: recycling (Copper)","Waste treatment: recycling (Aluminium)","Waste treatment: recycling (Lead)","Waste treatment: recycling (Other metals)","Waste treatment: recycling (Concrete, masonry)","Waste treatment: recycling (Plasterboard)","Waste treatment: recycling (Timber)","Waste treatment: recycling (Glass)","Waste treatment: recycling (All other waste)","Waste treatment: Energy recovery ","Waste treatment: Exports","Waste treatment: residues","Waste imports","Water","Households","Mining services","RoE","RoW ","Nature","Increase in residential building stock","Increase in commercial building stock","Increase in other non-building stock","Increase in infrastructure stock","Increase in other material stock",
"Cereals",0,0,0,0,0,0,0,0,0,0,0,0,0,0,0,0,0,0,0,0,0,0,0,0,0,0,0,0,0,0,0,0,0,0,0,0,0,0,0,0,0,0,0,0,0,0,0,0,0,0,0,0,0,0,0,0,0,0,0,0,0,0,0,0,0,0,0,0,0,0,0,0,0,0,0,0,0,0,0,0,0,0,0,0,0,0,0,0,0,0,0,0,0,0,0,0,0,0,0,0,1.070536e-07,0,0,0,0,0,0,0,0,0,0,0,0,0,0,0,0,0,0,0,0,0,0,0,0,0,0,0,0,0,0,0,0,0,0,0,6.860147e+05,1.374861e+06,0,0,0,0,9.273416e-04,0,2.352439e+07,1.005819e+07,4.799227e-298,0,0,0,0,0,
"Other crops",0,0,0,0,0,0,0,0,0,0,0,0,0,0,0,0,0,0,0,0,0,0,0,0,0,0,0,0,0,0,0,0,0,0,0,0,0,0,0,0,0,0,0,0,0,0,0,0,0,0,0,0,0,0,0,0,0,0,0,0,0,0,0,0,0,0,0,0,0,0,0,0,0,0,0,0,0,0,0,0,0,0,0,0,0,0,0,0,0,0,0,0,0,0,0,0,0,0,0,0,2.613402e-08,0,1.517734e-03,3.134838e-04,0,0,0,0,0,0,0,0,0,0,0,0,0,0,0,0,0,0,0,0,0,0,0,0,0,0,0,0,0,0,0,0,7.305451e+01,9.137369e+01,0,0,0,0,2.814143e-06,0,5.512114e-04,1.205159e+04,1.545313e-304,0,0,0,0,0,
"Roots and tubers",0,0,0,0,0,0,0,0,0,0,0,0,0,0,0,0,0,0,0,0,0,0,0,0,0,0,0,0,0,0,0,0,0,0,0,0,0,0,0,0,0,0,0,0,0,0,0,0,0,0,0,0,0,0,0,0,0,0,0,0,0,0,0,0,0,0,0,0,0,0,0,0,0,0,0,0,0,0,0,0,0,0,0,0,0,0,0,0,0,0,0,0,0,0,0,0,0,0,0,0,6.020608e-08,0,0,0,0,0,0,0,0,0,0,0,0,0,0,0,0,0,0,0,0,0,0,0,0,0,0,0,0,0,0,0,0,0,0,0,8.318342e+04,1.178931e+05,0,0,0,0,7.951861e-05,0,8.204954e+04,1.031611e+06,2.618548e-322,0,0,0,0,0,
"SugarCrops",0,0,0,0,0,0,0,0,0,0,0,0,0,0,0,0,0,0,0,0,0,0,0,0,0,0,0,0,0,0,0,0,0,0,0,0,0,0,0,0,0,0,0,0,0,0,0,0,0,0,0,0,0,0,0,0,0,0,0,0,0,0,0,0,0,0,0,0,0,0,0,0,0,0,0,0,0,0,0,0,0,0,0,0,0,0,0,0,0,0,0,0,0,0,0,0,0,0,0,0,1.008558e-07,0,0,0,0,0,0,0,0,0,0,0,0,0,0,0,0,0,0,0,0,0,0,0,0,0,0,0,0,0,0,0,0,0,0,0,1.154174e+06,1.505662e+06,0,0,0,0,1.015567e-03,0,2.376125e+07,1.101511e+07,1.848054e-310,0,0,0,0,0,
"Pulses",0,0,0,0,0,0,0,0,0,0,0,0,0,0,0,0,0,0,0,0,0,0,0,0,0,0,0,0,0,0,0,0,0,0,0,0,0,0,0,0,0,0,0,0,0,0,0,0,0,0,0,0,0,0,0,0,0,0,0,0,0,0,0,0,0,0,0,0,0,0,0,0,0,0,0,0,0,0,0,0,0,0,0,0,0,0,0,0,0,0,0,0,0,0,0,0,0,0,0,0,3.483004e-08,0,0,0,0,0,0,0,0,0,0,0,0,0,0,0,0,0,0,0,0,0,0,0,0,0,0,0,0,0,0,0,0,0,0,0,1.343251e+05,1.658416e+05,0,0,0,0,1.644619e-04,0,2.011692e+05,2.064112e+06,1.119466e-304,0,0,0,0,0,
"Nuts",0,0,0,0,0,0,0,0,0,0,0,0,0,0,0,0,0,0,0,0,0,0,0,0,0,0,0,0,0,0,0,0,0,0,0,0,0,0,0,0,0,0,0,0,0,0,0,0,0,0,0,0,0,0,0,0,0,0,0,0,0,0,0,0,0,0,0,0,0,0,0,0,0,0,0,0,0,0,0,0,0,0,0,0,0,0,0,0,0,0,0,0,0,0,0,0,0,0,0,0,1.946339e-08,0,0,0,0,0,0,0,0,0,0,0,0,0,0,0,0,0,0,0,0,0,0,0,0,0,0,0,0,0,0,0,0,0,0,0,8.717710e+02,1.235532e+03,0,0,0,0,1.259821e-06,0,3.509325e+01,2.157768e+04,0,0,0,0,0,0,
"Oil bearing crops",0,0,0,0,0,0,0,0,0,0,0,0,0,0,0,0,0,0,0,0,0,0,0,0,0,0,0,0,0,0,0,0,0,0,0,0,0,0,0,0,0,0,0,0,0,0,0,0,0,0,0,0,0,0,0,0,0,0,0,0,0,0,0,0,0,0,0,0,0,0,0,0,0,0,0,0,0,0,0,0,0,0,0,0,0,0,0,0,0,0,0,0,0,0,0,0,0,0,0,0,1.987804e-08,0,2.016083e+02,0,0,0,0,0,0,0,0,0,0,0,0,0,0,0,0,0,0,0,0,0,0,0,0,0,0,0,0,0,0,0,0,0,1.239027e+05,1.756031e+05,0,0,0,0,1.219544e-04,0,2.051339e+05,1.322768e+06,4.645917e-318,0,0,0,0,0,
"Vegetables",0,0,0,0,0,0,0,0,0,0,0,0,0,0,0,0,0,0,0,0,0,0,0,0,0,0,0,0,0,0,0,0,0,0,0,0,0,0,0,0,0,0,0,0,0,0,0,0,0,0,0,0,0,0,0,0,0,0,0,0,0,0,0,0,0,0,0,0,0,0,0,0,0,0,0,0,0,0,0,0,0,0,0,0,0,0,0,0,0,0,0,0,0,0,0,0,0,0,0,0,2.385929e-08,0,1.864916e+02,0,0,0,0,0,0,0,0,0,0,0,0,0,0,0,0,0,0,0,0,0,0,0,0,0,0,0,0,0,0,0,0,0,1.180094e+05,1.672507e+05,0,0,0,0,1.128102e-04,0,1.334466e+05,1.223595e+06,2.172063e-316,0,0,0,0,0,
"Fruits",0,0,0,0,0,0,0,0,0,0,0,0,0,0,0,0,0,0,0,0,0,0,0,0,0,0,0,0,0,0,0,0,0,0,0,0,0,0,0,0,0,0,0,0,0,0,0,0,0,0,0,0,0,0,0,0,0,0,0,0,0,0,0,0,0,0,0,0,0,0,0,0,0,0,0,0,0,0,0,0,0,0,0,0,0,0,0,0,0,0,0,0,0,0,0,0,0,0,0,0,5.212166e-08,0,0,0,0,0,0,0,0,0,0,0,0,0,0,0,0,0,0,0,0,0,0,0,0,0,0,0,0,0,0,0,0,0,0,0,1.142508e+05,2.490965e+05,0,0,0,0,1.544421e-04,0,4.088739e+05,1.936258e+06,1.902616e-308,0,0,0,0,0,
"Fibres",0,0,0,0,0,0,0,0,0,0,0,0,0,0,0,0,0,0,0,0,0,0,0,0,0,0,0,0,0,0,0,0,0,0,0,0,0,0,0,0,0,0,0,0,0,0,0,0,0,0,0,0,0,0,0,0,0,0,0,0,0,0,0,0,0,0,0,0,0,0,0,0,0,0,0,0,0,0,0,0,0,0,0,0,0,0,0,0,0,0,0,0,0,0,0,0,0,0,0,0,0,0,0,0,0,0,0,0,0,0,0,0,0,0,0,0,0,0,0,0,0,0,0,0,0,0,0,0,0,0,0,0,0,0,0,0,3.199537e-08,3.197192e-08,0,0,0,0,9.132442e-266,0,5.612245e-250,8.541829e-12,7.438229e-249,0,0,0,0,0,
"Crop residues used",0,0,0,0,0,0,0,0,0,0,0,0,0,0,0,0,0,0,0,0,0,0,0,0,0,0,0,0,0,0,0,0,0,0,0,0,0,0,0,0,0,0,0,0,0,0,0,0,0,0,0,0,0,0,0,0,0,0,0,0,0,0,0,0,0,0,0,0,0,0,0,0,0,0,0,0,0,0,0,0,0,0,0,0,0,0,0,0,0,0,0,0,0,0,0,0,0,0,0,0,0,0,0,0,0,0,0,0,0,0,0,0,0,0,0,0,0,0,0,0,0,0,0,0,0,0,0,0,0,0,0,0,0,0,0,0,0,0,0,0,0,0,1.425473e-04,0,4.036380e+06,5.349646e+07,2.739957e-314,0,0,0,0,0,
"Grazed biomass",0,0,0,0,0,0,0,0,0,0,0,0,0,0,0,0,0,0,0,0,0,0,0,0,0,0,0,0,0,0,0,0,0,0,0,0,0,0,0,0,0,0,0,0,0,0,0,0,0,0,0,0,0,0,0,0,0,0,0,0,0,0,0,0,0,0,0,0,0,0,0,0,0,0,0,0,0,0,0,0,0,0,0,0,0,0,0,0,0,0,0,0,0,0,0,0,0,0,0,0,0,0,0,0,0,0,0,0,0,0,0,0,0,0,0,0,0,0,0,0,0,0,0,0,0,0,0,0,0,0,0,0,0,0,0,0,0,0,0,0,0,0,1.140021e-04,0,4.898457e+06,6.492206e+07,1.017450e-310,0,0,0,0,0,
"Hardwood logs",0,0,0,0,0,0,0,0,0,0,0,0,0,0,0,0,0,0,0,0,0,0,0,0,0,0,0,0,0,0,0,0,0,0,0,0,0,0,0,0,0,0,0,0,0,0,0,0,0,0,0,0,0,0,0,0,0,0,1.223544e+06,0,7.314173e+05,2.625924e+04,5.422621e-04,0,0,0,0,0,0,0,0,0,0,0,0,0,0,0,0,0,0,0,0,0,0,0,0,0,0,0,0,0,0,0,0,0,0,0,0,0,0,0,0,0,0,0,0,0,0,0,0,0,0,0,0,0,0,0,0,0,0,0,0,0,0,0,0,0,0,0,0,0,0,0,0,0,0,0,0,0,0,0,0,0,4.818847e+06,2.127107e+06,0,0,0,0,0,0,
"Softwood logs",0,0,0,0,0,0,0,0,0,0,0,0,0,0,0,0,0,0,0,0,0,0,0,0,0,0,0,0,0,0,0,0,0,0,0,0,0,0,0,0,0,0,0,0,0,0,0,0,0,0,0,0,0,0,0,0,0,0,0,5.680226e+05,3.812277e+04,1.592120e+03,8.807081e-05,0,0,0,0,0,0,0,0,0,0,0,0,0,0,0,0,0,0,0,0,0,0,0,0,0,0,0,0,0,0,0,0,0,0,0,0,0,0,0,0,0,0,0,0,0,0,0,0,0,0,0,0,0,0,0,0,0,0,0,0,0,0,0,0,0,0,0,0,0,0,0,0,0,0,0,0,0,0,0,0,0,2.511669e+05,3.328858e+06,0,0,0,0,0,0,
"Wood fuel and other extraction",0,0,0,0,0,0,0,0,0,0,0,0,0,0,0,0,0,0,0,0,0,0,0,0,0,0,0,0,0,0,0,0,0,0,0,0,0,0,0,0,0,0,0,0,0,0,0,0,0,0,0,0,0,0,0,0,0,0,0,0,0,0,0,0,0,0,0,0,0,0,0,0,0,0,0,0,0,0,0,0,0,0,0,0,0,0,0,0,0,0,0,0,0,0,0,0,0,0,0,0,5.594933e-105,2.765341e-17,2.700390e-51,0,0,0,0,0,0,0,0,0,0,0,0,0,0,0,0,0,0,0,0,0,0,0,0,0,0,0,0,0,0,0,0,0,0,0,0,0,0,0,2.242436e-11,0,1.378065e+05,1.270834e+06,1.826428e+06,0,0,0,0,0,
"Livestock",0,0,0,0,0,0,0,0,0,0,0,0,0,0,0,0,0,0,0,0,0,0,0,0,0,0,0,0,0,0,0,0,0,0,0,0,0,0,0,0,0,0,0,0,0,0,0,0,0,0,0,0,0,0,0,0,0,0,0,0,0,0,0,0,0,0,0,0,0,0,0,0,0,0,0,0,0,0,0,0,0,0,0,0,0,0,0,0,0,0,0,0,0,0,0,0,0,0,0,0,1.534422e-118,7.584007e-31,7.405878e-65,0,0,0,0,0,0,0,0,0,0,0,0,0,0,0,0,0,0,0,0,0,0,0,0,0,0,0,0,0,0,0,0,0,0,0,0,0,0,0,6.149927e-25,0,3.779372e-09,5.009018e-08,5.009018e-08,0,0,0,0,0,
"Other agricultural products",0,0,0,0,0,0,0,0,0,0,0,0,0,0,0,0,0,0,0,0,0,0,0,0,0,0,0,0,0,0,0,0,0,0,0,0,0,0,0,0,0,0,0,0,0,0,0,0,0,0,0,0,0,0,0,0,0,0,0,0,0,0,0,0,0,0,0,0,0,0,0,0,0,0,0,0,0,0,0,0,0,0,0,0,0,0,0,0,0,0,0,0,0,0,0,0,0,0,0,0,1.846372e-126,9.125842e-39,8.911498e-73,0,0,0,0,0,0,0,0,0,0,0,0,0,0,0,0,0,0,0,0,0,0,0,0,0,0,0,0,0,0,0,0,0,0,0,0,0,0,0,7.400213e-33,0,4.547722e-17,4.480022e-03,6.027355e-16,0,0,0,0,0,
"Sand",0,0,0,0,0,0,0,0,0,0,0,0,0,0,0,0,0,0,0,0,0,0,0,0,0,0,0,0,0,0,0,0,0,0,0,0,0,0,0,0,0,0,0,0,0,0,0,0,0,0,0,0,5.795685e+04,3.258185e-05,6.028703e-04,3.218567e-07,8.779691e-02,1.163341e-01,0,0,0,0,0,0,0,0,0,0,0,0,0,0,0,0,0,0,0,0,0,3.217744e+06,1.071483e-06,2.461832e-06,2.349474e+06,0,0,0,0,0,0,0,0,0,0,0,0,0,0,0,0,0,0,0,0,1.054409e+05,0,1.263992e+06,2.847228e+05,0,8.738443e+05,2.895679e+05,0,7.453851e+05,1.668738e+06,0,1.652846e+06,2.571641e+06,0,0,0,0,0,0,0,0,0,0,0,0,0,0,0,0,0,0,0,0,0,0,0,0,0,0,1.165007e-02,0,8.959912e-03,1.722844e+07,0,0,0,0,0,0,
"Silica",0,0,0,0,0,0,0,0,0,0,0,0,0,0,0,0,0,0,0,0,0,0,0,0,0,0,0,0,0,0,0,0,0,0,0,0,0,0,0,0,0,0,0,0,0,0,0,0,0,0,0,0,9.550519e-09,9.544762e-09,9.554120e-09,9.584086e-09,9.559464e-09,9.553736e-09,0,0,0,0,0,0,0,0,0,0,0,0,0,0,0,0,0,0,0,0,0,1.878064e-07,9.575842e-09,9.599985e-09,0,0,0,0,0,0,0,0,0,0,0,0,0,0,0,0,0,0,0,0,0,9.549922e-09,0,3.220352e+05,9.438821e+04,0,6.449947e+04,2.448616e+04,0,4.854164e+04,1.064060e+05,0,1.341441e+05,1.916619e+05,0,0,0,0,0,0,0,0,0,0,0,0,0,0,0,0,0,0,0,0,0,0,0,0,0,0,0,0,9.592764e-09,2.701739e+06,0,0,0,0,0,0,
"Gravel",0,0,0,0,0,0,0,0,0,0,0,0,0,0,0,0,0,0,0,0,0,0,0,0,0,0,0,0,0,0,0,0,0,0,0,0,0,0,0,0,0,0,0,0,0,0,0,0,0,0,0,0,0,0,0,0,0,0,0,0,0,0,0,0,0,0,0,0,0,0,0,0,0,0,0,0,0,0,0,6.008126e+06,7.734829e-07,6.633486e-07,1.182572e+06,0,0,0,0,0,0,0,0,0,0,0,0,0,0,0,0,0,0,0,0,0,0,7.223060e+05,2.433450e+05,0,2.237395e+04,1.087626e+04,0,7.236423e+05,1.707340e+06,0,1.093073e+06,2.073260e+06,0,0,0,0,0,0,0,0,0,0,0,0,0,0,0,0,0,0,0,0,0,0,0,0,0,0,0,0,1.634679e+05,0,0,0,0,0,0,0,
"Bentonite clay",0,0,0,0,0,0,0,0,0,0,0,0,0,0,0,0,0,0,0,0,0,0,0,0,0,0,0,0,0,0,0,0,0,0,0,0,0,0,0,0,0,0,0,0,0,0,0,0,0,0,0,0,0,0,0,6.037414e-105,6.819346e+04,3.350892e+03,0,0,0,0,0,0,0,0,0,0,0,0,0,0,0,0,0,0,0,0,0,0,0,0,0,0,0,0,0,0,0,0,0,0,0,0,0,0,0,0,0,0,0,0,0,0,0,0,0,0,0,0,0,0,0,0,0,0,0,0,0,0,0,0,0,0,0,0,0,0,0,0,0,0,0,0,0,0,0,0,0,0,0,0,0,0,2.637680e-03,5.605240e-01,0,0,0,0,0,0,
"Kaolin clay",0,0,0,0,0,0,0,0,0,0,0,0,0,0,0,0,0,0,0,0,0,0,0,0,0,0,0,0,0,0,0,0,0,0,0,0,0,0,0,0,0,0,0,0,0,0,0,0,0,0,0,0,0,0,0,5.406523e-104,1.498010e+05,7.360928e+03,0,0,0,0,0,0,0,0,0,0,0,0,0,0,0,0,0,0,0,0,0,0,0,0,0,0,0,0,0,0,0,0,0,0,0,0,0,0,0,0,0,0,0,0,0,0,0,0,0,0,0,0,0,0,0,0,0,0,0,0,0,0,0,0,0,0,0,0,0,0,0,0,0,0,0,0,0,0,0,0,0,0,0,0,0,0,2.362051e-02,5.019510e+00,0,0,0,0,0,0,
"Refactory clay",0,0,0,0,0,0,0,0,0,0,0,0,0,0,0,0,0,0,0,0,0,0,0,0,0,0,0,0,0,0,0,0,0,0,0,0,0,0,0,0,0,0,0,0,0,0,0,0,0,0,0,0,0,0,0,1.523039e-103,1.921064e+05,9.439728e+03,0,0,0,0,0,0,0,0,0,0,0,0,0,0,0,0,0,0,0,0,0,0,0,0,0,0,0,0,0,0,0,0,0,0,0,0,0,0,0,0,0,0,0,0,0,0,0,0,0,0,0,0,0,0,0,0,0,0,0,0,0,0,0,0,0,0,0,0,0,0,0,0,0,0,0,0,0,0,0,0,0,0,0,0,0,0,6.653993e-02,1.414016e+01,0,0,0,0,0,0,
"Other clay",0,0,0,0,0,0,0,0,0,0,0,0,0,0,0,0,0,0,0,0,0,0,0,0,0,0,0,0,0,0,0,0,0,0,0,0,0,0,0,0,0,0,0,0,0,0,0,0,0,0,0,0,0,0,0,1.924194e-99,4.546338e+06,2.233981e+05,0,0,0,0,0,0,0,0,0,0,0,0,0,0,0,0,0,0,0,0,0,0,0,0,0,0,0,0,0,0,0,0,0,0,0,0,0,0,0,0,0,0,0,0,0,0,0,0,0,0,0,0,0,0,0,0,0,0,0,0,0,0,0,0,0,0,0,0,0,0,0,0,0,0,0,0,0,0,0,0,0,0,0,0,0,0,8.406595e+02,1.786455e+05,0,0,0,0,0,0,
"Limestone",0,0,0,0,0,0,0,0,0,0,0,0,0,0,0,0,0,0,0,0,0,0,0,0,0,0,0,0,0,0,0,0,0,0,0,0,0,0,0,0,0,0,0,0,0,0,0,0,0,0,0,0,1.666752e+05,6.953483e-05,3.929269e-03,6.027641e-07,1.127240e-03,5.693276e-04,0,0,0,0,0,1.440162e+04,0,1.107249e+03,0,0,0,0,0,0,0,0,0,0,0,4.910204e+06,7.344553e+05,7.663373e+06,0,0,0,0,0,0,0,0,0,0,0,0,0,0,0,0,0,0,0,0,0,0,0,3.258671e+05,0,3.015838e+04,8.756027e+03,0,5.103282e+03,2.477093e+03,0,4.219072e+03,6.137377e+03,0,1.191607e+04,1.381001e+04,0,0,0,0,0,0,0,0,0,0,0,0,0,0,0,0,0,0,0,0,0,0,0,0,0,0,0,0,4.360461e+05,1.330119e+05,0,0,0,0,0,0,
"Gypsum",0,0,0,0,0,0,0,0,0,0,0,0,0,0,0,0,0,0,0,0,0,0,0,0,0,0,0,0,0,0,3.492133e-03,0,0,0,0,0,0,0,0,0,0,0,0,0,0,0,0,0,0,0,0,0,1.872061e+04,6.727863e-06,2.472522e-04,1.691261e-07,1.370932e-04,1.949907e-04,0,0,8.182012e+02,0,0,0,0,0,0,0,0,0,0,0,0,0,0,0,0,6.070230e+04,9.079690e+03,7.882128e+05,2.325374e-07,9.577227e-08,9.194461e+05,0,0,0,0,0,0,0,0,0,0,0,0,0,0,0,0,0,0,0,0,2.805824e+04,0,0,0,0,0,0,0,0,0,0,0,0,0,0,0,0,0,0,0,0,0,0,0,0,0,0,0,0,0,0,0,0,0,0,0,0,0,0,0,0,5.390612e+03,8.546000e+04,0,0,0,0,0,0,
"Dolomite and chalk",0,0,0,0,0,0,0,0,0,0,0,0,0,0,0,0,0,0,0,0,0,0,0,0,0,0,0,0,0,0,0,0,0,0,0,0,0,0,0,0,0,0,0,0,0,0,0,0,0,0,0,0,1.186867e+05,5.412785e-05,4.777143e-04,3.077149e-07,5.234476e-02,5.759834e-02,0,0,2.090405e+04,0,0,0,0,0,0,0,0,0,0,0,0,0,0,0,0,1.550870e+06,2.319751e+05,5.958291e+06,0,0,0,0,0,0,0,0,0,0,0,0,0,0,0,0,0,0,0,0,0,0,0,1.524646e+05,0,0,0,0,0,0,0,0,0,0,0,0,0,0,0,0,0,0,0,0,0,0,0,0,0,0,0,0,0,0,0,0,0,0,0,0,0,0,0,0,1.377236e+05,1.825329e+06,0,0,0,0,0,0,
"Dimension stone",0,0,0,0,0,0,0,0,0,0,0,0,0,0,0,0,0,0,0,0,0,0,0,0,0,0,0,0,0,0,0,0,0,0,0,0,0,0,0,0,0,0,0,0,0,0,0,0,0,0,0,0,0,0,0,0,0,0,0,0,0,0,0,0,0,0,0,0,0,0,0,0,0,0,0,0,0,0,0,0,0,0,0,0,0,0,0,0,0,0,0,0,0,0,0,0,0,0,0,0,0,0,0,1.446871e+05,0,4.844503e+04,1.252295e+04,0,1.435316e+04,6.048784e+03,0,9.891149e+03,2.135313e+04,0,2.970303e+04,4.109051e+04,0,0,0,0,0,0,0,0,0,0,0,0,0,0,0,0,0,0,0,0,0,0,0,0,0,0,4.001685e-02,0,8.150512e+02,1.731243e+04,0,0,0,0,0,0,
"Crushed broken stone",0,0,0,0,0,0,0,0,0,0,0,0,0,0,0,0,0,0,0,0,0,0,0,0,0,0,0,0,0,0,0,0,0,0,0,0,0,0,0,0,0,0,0,0,0,0,0,0,0,0,0,0,0,0,0,2.618589e-07,1.810442e-01,2.389107e-01,0,0,0,0,0,0,0,0,0,0,0,0,0,0,0,0,0,0,0,0,0,6.688673e+06,1.024399e-06,2.356798e-06,1.886401e+06,0,0,0,0,0,0,0,0,0,0,0,0,0,0,0,0,0,0,0,0,1.444808e+05,0,6.030614e+06,1.379904e+06,0,2.410281e+06,1.026887e+06,0,1.849394e+06,4.001901e+06,0,5.295571e+06,7.434656e+06,0,0,0,0,0,0,0,0,0,0,0,0,0,0,0,0,0,0,0,0,0,0,0,0,0,0,1.910467e-02,0,1.138299e+06,1.508653e+07,1.508653e+07,0,0,0,0,0,
"Other minerals, mining and quarry products",0,0,0,0,0,0,0,0,0,0,0,0,0,0,0,0,0,0,0,0,0,0,0,0,0,0,0,0,0,0,0,0,0,0,0,0,0,0,0,0,0,0,0,0,0,0,0,0,0,0,0,0,5.482701e+03,2.683988e-06,1.773179e-05,1.716035e-07,3.935192e-01,5.573072e-01,0,0,8.096056e+01,0,0,0,0,0,0,0,0,0,0,0,0,0,0,0,0,0,0,2.709058e+05,0,0,7.535752e+04,0,0,0,0,0,0,0,0,0,0,0,0,0,0,0,5.555059e-09,0,0,0,0,6.291334e+03,0,5.970673e+04,1.691599e+04,0,1.311171e+04,5.147867e+03,0,9.585146e+03,2.105512e+04,0,2.722866e+04,3.862870e+04,0,0,0,0,0,0,0,0,0,0,0,0,0,0,0,0,0,0,0,0,0,0,0,0,0,0,0,0,5.333981e+02,7.069430e+03,0,0,0,0,0,0,
"Chemical and fertilizer minerals",0,0,0,0,0,0,0,0,0,0,0,0,0,0,0,0,0,0,0,0,0,0,0,0,0,0,0,0,0,0,0,0,0,0,0,0,0,0,0,0,0,0,0,0,0,0,0,0,0,0,0,0,0,0,0,0,0,0,0,0,1.005739e-08,0,0,0,0,0,0,0,0,0,0,0,0,0,0,0,0,0,0,1.168812e+01,0,0,0,0,0,0,0,0,0,0,0,0,0,0,0,0,0,0,0,9.623228e-06,0,0,0,0,0,0,0,0,0,0,0,0,0,0,0,0,0,0,0,0,0,0,0,0,0,0,0,0,0,0,0,0,0,0,0,0,0,0,0,0,0,0,0,0,5.821652e-08,7.715768e-07,0,0,0,0,0,0,
"Lithium",0,0,0,0,0,0,0,0,0,0,0,0,0,0,0,0,0,0,0,0,0,0,0,0,0,0,0,0,0,0,0,0,0,0,0,0,0,0,0,0,0,0,0,0,0,0,0,0,0,0,0,0,0,0,0,0,0,0,0,0,0,0,0,0,0,0,0,0,0,0,0,0,0,0,0,0,0,0,0,0,0,0,0,0,0,0,0,0,0,0,0,0,0,0,0,0,0,0,0,0,0,0,0,3.894178e+04,0,0,0,0,0,0,0,0,0,0,0,0,0,0,0,0,0,0,0,0,0,0,0,0,0,0,0,0,0,0,0,0,0,0,0,0,0,0,0,0,2.204341e+03,2.921539e+04,0,0,0,0,0,0,
"Salt",0,0,0,0,0,0,0,0,0,0,0,0,0,0,0,0,0,0,0,0,0,0,0,0,0,0,0,0,0,0,0,0,0,0,0,0,0,0,0,0,0,0,0,0,0,0,0,0,0,0,0,0,0,0,0,0,0,0,0,0,0,0,0,0,0,0,0,0,0,0,0,0,0,0,0,0,0,0,0,0,0,0,0,0,0,0,0,0,0,0,0,0,0,0,0,0,0,0,0,7.565182e+06,0,0,0,3.748676e+04,0,0,0,0,0,0,0,0,0,0,0,0,0,0,0,0,0,0,0,0,0,0,0,0,0,0,0,0,0,0,0,0,0,0,0,0,0,0,0,0,4.576619e+04,6.065655e+05,0,0,0,0,0,0,
"Iron ores",0,0,0,0,0,0,0,0,0,0,0,0,0,0,0,0,0,0,0,0,0,0,0,0,0,0,0,0,0,0,0,0,0,0,0,0,0,0,0,0,0,0,0,0,0,0,0,0,0,0,0,0,0,0,0,0,0,0,0,0,0,0,0,6.999334e+06,0,7.909704e+05,0,0,0,0,0,0,0,0,0,0,0,0,0,0,0,0,0,0,0,0,0,0,0,0,0,0,0,0,0,0,0,0,0,0,0,0,0,0,0,0,0,0,0,0,0,0,0,0,0,0,0,0,0,0,0,0,0,0,0,0,0,0,0,0,0,0,0,0,0,0,0,0,0,0,0,0,0,0,0,1.281928e+08,5.525312e+07,0,0,0,0,0,
"Copper ores",0,0,0,0,0,0,0,0,0,0,0,0,0,0,0,0,0,0,0,0,0,0,0,0,0,0,0,0,0,0,0,0,0,0,0,0,0,0,0,0,0,0,0,0,0,0,0,0,0,0,0,0,0,0,0,0,0,0,0,0,0,0,0,0,0,0,3.105599e+05,0,0,0,0,0,0,0,0,0,0,0,0,0,0,0,0,0,0,0,0,0,0,0,0,0,0,0,0,0,0,0,0,0,0,0,0,0,0,0,0,0,0,0,0,0,0,0,0,0,0,0,0,0,0,0,0,0,0,0,0,0,0,0,0,0,0,0,0,0,0,0,0,0,0,0,0,0,0,1.605365e+05,7.960291e+07,0,0,0,0,0,
"Nickel ores",0,0,0,0,0,0,0,0,0,0,0,0,0,0,0,0,0,0,0,0,0,0,0,0,0,0,0,0,0,0,0,0,0,0,0,0,0,0,0,0,0,0,0,0,0,0,0,0,0,0,0,0,0,0,0,0,0,0,0,0,0,0,0,0,0,0,0,0,0,0,7.256841e+04,0,0,0,0,0,0,0,0,0,0,0,0,0,0,0,0,0,0,0,0,0,0,0,0,0,0,0,0,0,0,0,0,0,0,0,0,0,0,0,0,0,0,0,0,0,0,0,0,0,0,0,0,0,0,0,0,0,0,0,0,0,0,0,0,0,0,0,0,0,0,0,0,0,0,1.320047e+05,9.636026e+06,0,0,0,0,0,
"Lead ores",0,0,0,0,0,0,0,0,0,0,0,0,0,0,0,0,0,0,0,0,0,0,0,0,0,0,0,0,0,0,0,0,0,0,0,0,0,0,0,0,0,0,0,0,0,0,0,0,0,0,0,0,0,0,0,0,0,0,0,0,0,0,0,0,0,0,0,0,0,2.039723e+05,0,0,0,0,0,0,0,0,0,0,0,0,0,0,0,0,0,0,0,0,0,0,0,0,0,0,0,0,0,0,0,0,0,0,0,0,0,0,0,0,0,0,0,0,0,0,0,0,0,0,0,0,0,0,0,0,0,0,0,0,0,0,0,0,0,0,0,0,0,0,0,0,0,0,0,3.510075e+05,1.072005e+07,0,0,0,0,0,
"Zinc ores",0,0,0,0,0,0,0,0,0,0,0,0,0,0,0,0,0,0,0,0,0,0,0,0,0,0,0,0,0,0,0,0,0,0,0,0,0,0,0,0,0,0,0,0,0,0,0,0,0,0,0,0,0,0,0,0,0,0,0,0,0,0,0,0,0,0,0,0,3.224752e+05,0,0,0,0,0,0,0,0,0,0,0,0,0,0,0,0,0,0,0,0,0,0,0,0,0,0,0,0,0,0,0,0,0,0,0,0,0,0,0,0,0,0,0,0,0,0,0,0,0,0,0,0,0,0,0,0,0,0,0,0,0,0,0,0,0,0,0,0,0,0,0,0,0,0,0,0,8.056294e+05,1.118607e+07,0,0,0,0,0,
"Tin ores",0,0,0,0,0,0,0,0,0,0,0,0,0,0,0,0,0,0,0,0,0,0,0,0,0,0,0,0,0,0,0,0,0,0,0,0,0,0,0,0,0,0,0,0,0,0,0,0,0,0,0,0,0,0,0,0,0,0,0,0,0,0,0,0,0,0,0,0,0,0,0,7.396472e+01,0,0,0,0,0,0,0,0,0,0,0,0,0,0,0,0,0,0,0,0,0,0,0,0,0,0,0,0,0,0,0,0,0,0,0,0,0,0,0,0,0,0,0,0,0,0,0,0,0,0,0,0,0,0,0,0,0,0,0,0,0,0,0,0,0,0,0,0,0,0,0,0,0,8.779000e+03,4.843845e+05,0,0,0,0,0,
"Gold ores",0,0,0,0,0,0,0,0,0,0,0,0,0,0,0,0,0,0,0,0,0,0,0,0,0,0,0,0,0,0,0,0,0,0,0,0,0,0,0,0,0,0,0,0,0,0,0,0,0,0,0,0,0,0,0,0,0,0,0,0,0,0,0,0,0,0,0,0,0,0,0,0,5.619371e+01,0,0,0,0,0,0,0,0,0,0,0,0,0,0,0,0,0,0,0,0,0,0,0,0,0,0,0,0,0,0,0,0,0,0,0,0,0,0,0,0,0,0,0,0,0,0,0,0,0,0,0,0,0,0,0,0,0,0,0,0,0,0,0,0,0,0,0,0,0,0,0,0,2.926371e-05,4.958951e+07,0,0,0,0,0,
"Silver ores",0,0,0,0,0,0,0,0,0,0,0,0,0,0,0,0,0,0,0,0,0,0,0,0,0,0,0,0,0,0,0,0,0,0,0,0,0,0,0,0,0,0,0,0,0,0,0,0,0,0,0,0,0,0,0,0,0,0,0,0,0,0,0,0,0,0,0,0,0,0,0,0,0,5.912085e+01,0,0,0,0,0,0,0,0,0,0,0,0,0,0,0,0,0,0,0,0,0,0,0,0,0,0,0,0,0,0,0,0,0,0,0,0,0,0,0,0,0,0,0,0,0,0,0,0,0,0,0,0,0,0,0,0,0,0,0,0,0,0,0,0,0,0,0,0,0,0,0,1.349664e+03,4.067917e+07,0,0,0,0,0,
"Other precious metal ores",0,0,0,0,0,0,0,0,0,0,0,0,0,0,0,0,0,0,0,0,0,0,0,0,0,0,0,0,0,0,0,0,0,0,0,0,0,0,0,0,0,0,0,0,0,0,0,0,0,0,0,0,0,0,0,4.006350e-96,0,0,0,0,0,0,0,0,0,0,0,0,0,0,0,0,0,0,0,0,0,0,0,0,0,0,0,0,0,0,0,0,0,0,0,0,0,0,0,0,0,0,0,0,0,0,0,0,0,0,0,0,0,0,0,0,0,0,0,0,0,0,0,0,0,0,0,0,0,0,0,0,0,0,0,0,0,0,0,0,0,0,0,0,0,0,0,0,0,2.319813e+07,2.319813e+07,0,0,0,0,0,
"Cobalt ores",0,0,0,0,0,0,0,0,0,0,0,0,0,0,0,0,0,0,0,0,0,0,0,0,0,0,0,0,0,0,0,0,0,0,0,0,0,0,0,0,0,0,0,0,0,0,0,0,0,0,0,0,0,0,0,0,0,0,0,0,0,0,0,0,0,0,0,0,0,0,0,0,0,0,5.477118e+02,0,0,0,0,0,0,0,0,0,0,0,0,0,0,0,0,0,0,0,0,0,0,0,0,0,0,0,0,0,0,0,0,0,0,0,0,0,0,0,0,0,0,0,0,0,0,0,0,0,0,0,0,0,0,0,0,0,0,0,0,0,0,0,0,0,0,0,0,0,0,3.536371e+03,2.093961e+07,0,0,0,0,0,
"Bauxite and other aluminium ores",0,0,0,0,0,0,0,0,0,0,0,0,0,0,0,0,0,0,0,0,0,0,0,0,0,0,0,0,0,0,0,0,0,0,0,0,0,0,0,0,0,0,0,0,0,0,0,0,0,0,0,0,0,0,0,0,0,0,0,0,0,0,0,0,1.325879e+07,0,0,0,0,0,0,0,0,0,0,0,0,0,0,0,0,0,0,0,0,0,0,0,0,0,0,0,0,0,0,0,0,0,0,0,0,0,0,0,0,0,0,0,0,0,0,0,0,0,0,0,0,0,0,0,0,0,0,0,0,0,0,0,0,0,0,0,0,0,0,0,0,0,0,0,0,0,0,0,0,1.490233e+07,1.490233e+07,0,0,0,0,0,
"Manganese ores",0,0,0,0,0,0,0,0,0,0,0,0,0,0,0,0,0,0,0,0,0,0,0,0,0,0,0,0,0,0,0,0,0,0,0,0,0,0,0,0,0,0,0,0,0,0,0,0,0,0,0,0,0,0,0,0,0,0,0,0,0,0,0,3.447252e+05,0,2.650374e+04,0,0,0,0,0,0,0,0,0,0,2.073865e-08,0,0,0,0,0,0,0,0,0,0,0,0,0,0,0,0,0,0,0,0,0,0,0,0,0,0,0,0,0,0,0,0,0,0,0,0,0,0,0,0,0,0,0,0,0,0,0,0,0,0,0,0,0,0,0,0,0,0,0,0,0,0,0,0,0,0,0,0,1.737904e+06,2.452628e+07,0,0,0,0,0,
"Cadmium ores",0,0,0,0,0,0,0,0,0,0,0,0,0,0,0,0,0,0,0,0,0,0,0,0,0,0,0,0,0,0,0,0,0,0,0,0,0,0,0,0,0,0,0,0,0,0,0,0,0,0,0,0,0,0,0,0,0,0,0,0,0,0,0,0,0,0,0,0,0,0,0,0,0,0,0,1.512861e+01,0,0,0,0,0,0,0,0,0,0,0,0,0,0,0,0,0,0,0,0,0,0,0,0,0,0,0,0,0,0,0,0,0,0,0,0,0,0,0,0,0,0,0,0,0,0,0,0,0,0,0,0,0,0,0,0,0,0,0,0,0,0,0,0,0,0,0,0,0,2.335496e+03,0,0,0,0,0,0,
"Chromium ores",0,0,0,0,0,0,0,0,0,0,0,0,0,0,0,0,0,0,0,0,0,0,0,0,0,0,0,0,0,0,0,0,0,0,0,0,0,0,0,0,0,0,0,0,0,0,0,0,0,0,0,0,0,0,0,0,0,0,0,0,0,0,0,0,0,0,0,0,0,0,0,0,0,0,0,0,0,0,0,0,0,0,0,0,0,0,0,0,0,0,0,0,0,0,0,0,0,0,0,0,0,0,0,0,0,0,0,0,0,0,0,0,0,0,0,0,0,0,0,0,0,0,0,0,0,0,0,0,0,0,0,0,0,0,0,0,0,0,0,0,0,0,0,0,0,7.135531e+04,0,0,0,0,0,0,
"Titanium ores",0,0,0,0,0,0,0,0,0,0,0,0,0,0,0,0,0,0,0,0,0,0,0,0,0,0,0,0,0,0,0,0,0,0,0,0,0,0,0,0,0,0,0,0,0,0,0,0,0,0,0,0,0,0,0,4.240235e-07,0,0,0,0,0,0,0,0,0,0,0,0,0,0,0,0,0,0,0,0,0,0,0,0,0,0,0,0,0,0,0,0,0,0,0,0,0,0,0,0,0,0,0,0,0,0,0,0,0,0,0,0,0,0,0,0,0,0,0,0,0,0,0,0,0,0,0,0,0,0,0,0,0,0,0,0,0,0,0,0,0,0,0,0,0,0,0,0,0,2.440735e+06,0,0,0,0,0,0,
"Zirconium ores",0,0,0,0,0,0,0,0,0,0,0,0,0,0,0,0,0,0,0,0,0,0,0,0,0,0,0,0,0,0,0,0,0,0,0,0,0,0,0,0,0,0,0,0,0,0,0,0,0,0,0,0,0,0,0,2.948313e-07,0,0,0,0,0,0,0,0,0,0,0,0,0,0,0,0,0,0,0,0,0,0,0,0,0,0,0,0,0,0,0,0,0,0,0,0,0,0,0,0,0,0,0,0,0,0,0,0,0,0,0,0,0,0,0,0,0,0,0,0,0,0,0,0,0,0,0,0,0,0,0,0,0,0,0,0,0,0,0,0,0,0,0,0,0,0,0,0,0,3.041132e+05,0,0,0,0,0,0,
"Uranium ores",0,0,0,0,0,0,0,0,0,0,0,0,0,0,0,0,0,0,0,0,0,0,0,0,0,0,0,0,0,0,0,0,0,0,0,0,0,0,0,0,0,0,0,0,0,0,0,0,0,0,0,0,0,0,0,0,0,0,0,0,0,0,0,0,0,0,0,0,0,0,0,0,0,0,0,0,0,0,0,0,0,0,0,0,0,0,0,0,0,0,0,0,0,0,0,0,0,0,0,0,0,0,0,0,0,0,0,0,0,0,0,0,0,0,0,0,0,0,0,0,0,0,0,0,0,0,0,0,0,0,0,0,0,0,0,0,0,0,0,0,0,0,0,0,0,5286,0,0,0,0,0,0,
"All other ores",0,0,0,0,0,0,0,0,0,0,0,0,0,0,0,0,0,0,0,0,0,0,0,0,0,0,0,0,0,0,0,0,0,0,0,0,0,0,0,0,0,0,0,0,0,0,0,0,0,0,0,0,0,0,0,3.781755e-96,0,0,0,0,0,0,0,0,0,0,0,0,0,0,0,0,0,0,0,0,1.344456e-132,0,0,0,0,0,0,0,0,0,0,0,0,0,0,0,0,0,0,0,0,0,0,0,0,0,0,0,0,0,0,0,0,0,0,0,0,0,0,0,0,0,0,0,0,0,0,0,0,0,0,0,0,0,0,0,0,0,0,0,0,0,0,0,0,0,0,0,0,2.189765e+07,2.189765e+07,0,0,0,0,0,
"Bitumen",0,0,0,0,0,0,0,0,0,0,0,0,0,0,0,0,0,0,0,0,0,0,0,0,0,0,0,0,0,0,0,0,0,0,0,0,0,0,0,0,0,0,0,0,0,0,0,0,0,0,0,0,0,0,0,0,0,0,0,0,0,0,0,0,0,0,0,0,0,0,0,0,0,0,0,0,0,0,0,0,0,0,4.403775e-01,0,0,0,0,0,0,0,0,0,0,0,0,0,0,0,0,0,0,0,0,0,0,0,0,0,0,0,0,0,0,0,0,0,0,0,0,0,0,0,0,0,0,0,0,0,0,0,0,0,0,0,0,0,0,0,0,0,0,0,0,0,8.215747e-84,1.088880e-72,0,0,0,0,0,0,
"Float, cast and rolled glass",0,0,0,0,0,0,0,0,0,0,0,0,0,0,0,0,0,0,0,0,0,0,0,0,0,0,0,0,0,0,0,0,0,0,0,0,0,0,0,0,0,0,0,0,0,0,0,0,0,0,0,0,1.803449e-05,1.498337e-09,2.901721e-14,0,0,0,0,0,0,0,0,0,0,0,0,0,0,0,0,0,0,0,0,0,0,0,0,0,0,0,0,0,0,0,0,0,0,0,0,0,0,0,0,0,0,0,0,0,0,0,0,0,0,3.614025e+04,8.935910e+03,0,5.461815e+04,1.199133e+04,0,2.780252e+03,3.582870e+03,0,1.700498e+04,1.777270e+04,0,0,0,0,0,0,0,0,0,1.752679e+05,0,0,0,0,0,0,0,0,0,3.630504e+05,0,0,0,0,0,0,0,0,1.018532e-06,1.349919e-05,0,0,0,0,0,0,
"Glass wool and fibre",0,0,0,0,0,0,0,0,0,0,0,0,0,0,0,0,0,0,0,0,0,0,0,0,0,0,0,0,0,0,0,0,0,0,0,0,0,0,0,0,0,0,0,0,0,0,0,0,0,0,0,0,1.476953e-10,7.115115e-20,3.258425e-19,0,0,0,0,0,0,0,0,0,0,0,0,0,0,0,0,0,0,0,0,0,0,0,0,0,0,0,0,0,0,0,0,0,0,0,0,0,0,0,0,0,0,0,0,0,0,0,0,0,0,8.401032e-05,2.450339e-05,0,1.497075e-05,6.302633e-06,0,1.120360e-05,2.449679e-05,0,3.241895e-05,4.562943e-05,0,0,0,0,0,0,0,0,0,2.514676e-05,0,0,0,0,0,0,0,0,0,5.276982e-05,0,0,0,0,0,0,0,0,1.370452e-12,1.816339e-11,0,0,0,0,0,0,
"Other glass products",0,0,0,0,0,0,0,0,0,0,0,0,0,0,0,0,0,0,0,0,0,0,0,0,0,0,0,0,0,0,0,0,0,0,0,0,0,0,0,0,0,0,0,0,0,0,0,0,0,0,0,0,1.305040e-13,1.291150e-17,7.088876e-95,0,0,0,0,0,0,0,0,0,0,0,0,0,0,0,0,0,0,0,0,0,0,0,0,0,0,0,0,0,0,0,0,0,0,0,0,0,0,0,0,0,0,0,0,0,0,0,0,0,0,3.153302e-04,7.796744e-05,0,4.765533e-04,1.046266e-04,0,2.425820e-05,3.126119e-05,0,1.483716e-04,1.550700e-04,0,0,0,0,0,0,0,0,0,1.515883e-03,0,0,0,0,0,0,0,0,0,3.181041e-03,0,0,0,0,0,0,0,0,3.850187e-15,5.102874e-14,0,0,0,0,0,0,
"Ceramics and other refractories",0,0,0,0,0,0,0,0,0,0,0,0,0,0,0,0,0,0,0,0,0,0,0,0,0,0,0,0,0,0,0,0,0,0,0,0,0,0,0,0,0,0,0,0,0,0,0,0,0,0,0,0,0,0,0,0,0,0,0,0,0,0,0,0,0,0,0,0,0,0,0,0,0,0,0,0,0,0,0,0,0,0,0,0,0,0,0,0,0,0,0,0,0,0,0,0,0,0,0,0,0,0,0,0,0,2.166711e-07,5.865868e-08,0,5.455661e-08,2.289143e-08,0,3.933672e-08,8.538482e-08,0,1.191672e-07,1.649165e-07,0,0,0,0,0,0,0,0,0,0,0,0,0,0,0,0,0,0,0,0,0,0,0,0,0,0,0,0,1.802073e-06,0,0,0,0,0,0,0,
"Clay bricks",0,0,0,0,0,0,0,0,0,0,0,0,0,0,0,0,0,0,0,0,0,0,0,0,0,0,0,0,0,0,0,0,0,0,0,0,0,0,0,0,0,0,0,0,0,0,0,0,0,0,0,0,0,0,0,0,0,0,0,0,0,0,0,0,0,0,0,0,0,0,0,0,0,0,0,0,0,0,0,0,0,0,0,0,0,0,0,0,0,0,0,0,0,0,0,0,0,0,0,0,0,0,0,0,0,2.655245e+06,8.544805e+05,0,1.668919e+05,7.123081e+04,0,1.170149e+05,2.492799e+05,0,3.572133e+05,4.885628e+05,0,0,0,0,0,0,0,0,0,0,0,0,0,0,0,0,0,0,0,0,0,0,0,0,0,0,0,0,0,0,0,0,0,0,0,0,
"Terracotta roofing tiles",0,0,0,0,0,0,0,0,0,0,0,0,0,0,0,0,0,0,0,0,0,0,0,0,0,0,0,0,0,0,0,0,0,0,0,0,0,0,0,0,0,0,0,0,0,0,0,0,0,0,0,0,0,0,0,0,0,0,0,0,0,0,0,0,0,0,0,0,0,0,0,0,0,0,0,0,0,0,0,0,0,0,0,0,0,0,0,0,0,0,0,0,0,0,0,0,0,0,0,0,0,0,0,0,0,1.371522e+05,4.452461e+04,0,7.150255e+03,3.057627e+03,0,5.018471e+03,1.077734e+04,0,1.507531e+04,2.079477e+04,0,0,0,0,0,0,0,0,0,0,0,0,0,0,0,0,0,0,0,0,0,0,0,0,0,0,0,0,0,0,0,0,0,0,0,0,
"Sawn hardwood",0,0,0,0,0,0,0,0,0,0,0,0,0,0,0,0,0,0,0,0,0,0,0,0,0,0,0,0,0,0,0,0,0,0,0,0,0,0,0,0,0,0,0,0,0,0,0,0,0,0,0,0,0,0,0,0,0,0,0,0,6.687742e+03,1.646649e+03,3.738957e-04,0,0,0,0,0,0,0,0,0,0,0,0,0,0,0,0,0,0,0,0,0,0,0,0,0,0,0,0,0,0,0,0,0,0,0,0,0,0,0,0,0,0,1.932145e+05,5.425159e+04,0,4.163284e+04,1.782592e+04,0,3.161938e+04,6.832450e+04,0,9.170710e+04,1.281805e+05,0,0,0,0,0,0,0,0,0,0,0,0,0,0,0,0,0,0,7.755745e+04,0,0,5.559050e+05,0,0,0,0,5.918448e-02,0,4.406131e+04,2.465399e+04,0,0,0,0,0,0,
"Sawn softwood",0,0,0,0,0,0,0,0,0,0,0,0,0,0,0,0,0,0,0,0,0,0,0,0,0,0,0,0,0,0,0,0,0,0,0,0,0,0,0,0,0,0,0,0,0,0,0,0,0,0,0,0,0,0,0,0,0,0,0,0,8.101784e+03,8.817812e+02,1.216151e-04,0,0,0,0,0,0,0,0,0,0,0,0,0,0,0,0,0,0,0,0,0,0,0,0,0,0,0,0,0,0,0,0,0,0,0,0,0,0,0,0,0,0,1.335405e+05,3.749606e+04,0,2.877460e+04,1.232041e+04,0,2.185378e+04,4.722257e+04,0,6.338349e+04,8.859216e+04,0,0,0,0,0,0,0,0,0,0,0,0,0,0,0,0,0,0,5.099315e+04,0,0,3.655013e+05,0,0,0,0,3.358074e-02,0,5.337754e+04,1.231030e+04,0,0,0,0,0,0,
"Wood particleboard and fibreboard",0,0,0,0,0,0,0,0,0,0,0,0,0,0,0,0,0,0,0,0,0,0,0,0,0,0,0,0,0,0,0,0,0,0,0,0,0,0,0,0,0,0,0,0,0,0,0,0,0,0,0,0,0,0,0,0,0,0,0,0,0,0,0,0,0,0,0,0,0,0,0,0,0,0,0,0,0,0,0,0,0,0,0,0,0,0,0,0,0,0,0,0,0,0,0,0,0,0,0,0,0,0,0,0,0,9.957251e+04,2.537742e+04,0,3.053031e+04,1.293546e+04,0,2.314826e+04,5.015850e+04,0,6.628114e+04,9.312328e+04,0,0,0,0,0,0,0,0,0,0,0,0,0,0,0,0,0,0,4.301309e+04,0,0,2.880914e+05,0,0,0,0,0,0,3.412059e+04,1.361316e+05,0,0,0,0,0,0,
"Plywood",0,0,0,0,0,0,0,0,0,0,0,0,0,0,0,0,0,0,0,0,0,0,0,0,0,0,0,0,0,0,0,0,0,0,0,0,0,0,0,0,0,0,0,0,0,0,0,0,0,0,0,0,0,0,0,0,0,0,0,0,0,0,0,0,0,0,0,0,0,0,0,0,0,0,0,0,0,0,0,0,0,0,0,0,0,0,0,0,0,0,0,0,0,0,0,0,0,0,0,0,0,0,0,0,0,8.665713e+03,2.208576e+03,0,2.657028e+03,1.125762e+03,0,2.014574e+03,4.365253e+03,0,5.768393e+03,8.104442e+03,0,0,0,0,0,0,0,0,0,0,0,0,0,0,0,0,0,0,5.261297e+03,0,0,3.688807e+04,0,0,0,0,4.920717e-03,0,1.289384e+02,1.346515e+03,0,0,0,0,0,0,
"Veneer",0,0,0,0,0,0,0,0,0,0,0,0,0,0,0,0,0,0,0,0,0,0,0,0,0,0,0,0,0,0,0,0,0,0,0,0,0,0,0,0,0,0,0,0,0,0,0,0,0,0,0,0,0,0,0,0,0,0,0,0,0,0,0,0,0,0,0,0,0,0,0,0,0,0,0,0,0,0,0,0,0,0,0,0,0,0,0,0,0,0,0,0,0,0,0,0,0,0,0,0,0,0,0,0,0,3.313858e+02,8.445821e+01,0,1.016075e+02,4.305030e+01,0,7.703938e+01,1.669318e+02,0,2.205893e+02,3.099222e+02,0,0,0,0,0,0,0,0,0,0,0,0,0,0,0,0,0,0,3.346024e-08,0,0,3.030020e-08,0,0,0,0,0,0,1.025737e-08,1.667701e+03,0,0,0,0,0,0,
"Pig iron production",0,0,0,0,0,0,0,0,0,0,0,0,0,0,0,0,0,0,0,0,0,0,0,0,0,0,0,0,0,0,0,0,0,0,0,0,0,0,0,0,0,0,0,0,0,0,0,0,0,0,0,0,0,0,0,0,0,0,0,0,0,0,0,0,0,3.982600e+06,0,0,0,0,0,0,0,0,0,0,0,0,0,0,0,0,0,0,0,0,0,0,0,3.376722e+06,0,0,0,0,0,7.167906e-05,1.894362e-08,0,0,0,0,0,0,0,0,0,0,0,0,0,0,0,0,0,0,0,0,0,0,0,0,0,0,0,0,0,0,0,0,0,0,0,0,0,0,0,0,0,0,0,0,0,0,0,0,2.343951e+04,0,0,0,0,0,0,
"Alumina production",0,0,0,0,0,0,0,0,0,0,0,0,0,0,0,0,0,0,0,0,0,0,0,0,0,0,0,0,0,0,0,0,0,0,0,0,0,0,0,0,0,0,0,0,0,0,0,0,0,0,0,0,0,0,0,0,0,0,0,0,0,0,0,0,8.661459e+04,0,0,1.328918e+06,0,0,0,0,0,0,0,0,0,0,0,0,0,0,0,0,0,0,0,0,0,0,0,1.989639e+00,0,0,0,0,0,0,0,0,0,0,0,0,0,0,0,0,0,0,0,0,0,0,0,0,0,0,0,0,0,0,0,0,0,0,0,0,0,0,0,0,0,0,0,0,0,0,0,0,0,0,0,0,0,1.075501e+07,1.177757e+06,0,0,0,0,0,
"Basic steel production",0,0,0,0,0,0,0,0,0,0,0,0,0,0,0,0,0,0,0,0,0,0,0,0,0,0,0,0,0,0,0,0,0,0,0,0,0,0,0,0,0,0,0,0,0,0,0,0,0,0,0,0,0,0,0,0,0,0,0,0,0,0,0,0,0,1.739549e+06,0,0,0,0,0,0,0,0,0,0,1.841486e-07,0,0,0,0,0,0,0,0,0,0,0,0,1.474909e+06,0,0,0,0,0,1.524359e-05,1.782281e-08,0,0,0,0,0,0,0,0,0,0,0,0,0,0,0,0,0,0,0,0,0,0,0,0,0,0,0,0,0,0,0,0,0,0,0,0,0,0,0,0,0,0,0,0,0,0,0,0,3.259183e+06,0,0,0,0,0,0,
"Basic copper production",0,0,0,0,0,0,0,0,0,0,0,0,0,0,0,0,0,0,0,0,0,0,0,0,0,0,0,0,0,0,0,0,0,0,0,0,0,0,0,0,0,0,0,0,0,0,0,0,0,0,0,0,0,0,0,0,0,0,0,0,0,0,0,0,0,0,4.954024e+04,0,0,0,0,0,0,0,0,0,1.439291e-04,0,0,0,0,0,0,0,0,0,0,0,0,0,1.320134e+05,0,0,0,0,1.187101e-03,1.106107e-06,0,0,0,0,0,0,0,0,0,0,0,0,0,0,0,0,0,0,0,0,0,0,0,0,0,0,0,0,0,0,0,0,0,0,0,0,0,0,0,0,0,0,0,0,0,0,0,0,2.025016e+05,0,0,0,0,0,0,
"Basic aluminium production",0,0,0,0,0,0,0,0,0,0,0,0,0,0,0,0,0,0,0,0,0,0,0,0,0,0,0,0,0,0,0,0,0,0,0,0,0,0,0,0,0,0,0,0,0,0,0,0,0,0,0,0,0,0,0,0,0,0,0,0,0,0,0,0,0,0,0,8.067724e-180,0,0,0,0,0,0,0,0,1.597466e-02,0,0,0,0,0,0,0,0,0,0,0,0,0,0,2.439161e+05,0,0,0,1.108716e-03,0,0,0,0,0,0,0,0,0,0,0,0,0,0,0,0,0,0,0,0,0,0,0,0,0,0,0,0,0,0,0,0,0,5.952175e+04,0,0,0,0,0,0,0,0,0,0,0,0,0,0,0,1.068525e+06,0,0,0,0,0,0,
"Basic zinc production",0,0,0,0,0,0,0,0,0,0,0,0,0,0,0,0,0,0,0,0,0,0,0,0,0,0,0,0,0,0,0,0,0,0,0,0,0,0,0,0,0,0,0,0,0,0,0,0,0,0,0,0,0,0,0,0,0,0,0,0,0,0,0,0,0,0,0,0,1.035334e+04,0,0,0,0,0,0,0,2.928577e+04,0,0,0,0,0,0,0,0,0,0,0,0,0,0,0,2.848230e+05,0,0,6.038625e+03,0,0,0,0,0,0,0,0,0,0,0,0,0,0,0,0,0,0,0,0,0,0,0,0,0,0,0,0,0,0,0,0,0,0,0,0,0,0,0,0,0,0,0,0,0,0,0,0,0,2.229416e+03,0,0,0,0,0,0,
"Basic lead production",0,0,0,0,0,0,0,0,0,0,0,0,0,0,0,0,0,0,0,0,0,0,0,0,0,0,0,0,0,0,0,0,0,0,0,0,0,0,0,0,0,0,0,0,0,0,0,0,0,0,0,0,0,0,0,0,0,0,0,0,0,0,0,0,0,0,0,0,0,1.025695e-08,0,0,0,0,0,0,1.421719e-06,0,0,0,0,0,0,0,0,0,0,0,0,0,0,0,0,5.513085e+04,0,5.066151e-06,0,0,0,0,0,0,0,0,0,0,0,0,0,0,0,0,0,0,0,0,0,0,0,0,0,0,0,0,0,0,0,0,0,0,1.178501e+04,0,0,0,0,0,0,0,0,0,0,0,0,0,0,1.370564e+05,0,0,0,0,0,0,
"Basic nickel production",0,0,0,0,0,0,0,0,0,0,0,0,0,0,0,0,0,0,0,0,0,0,0,0,0,0,0,0,0,0,0,0,0,0,0,0,0,0,0,0,0,0,0,0,0,0,0,0,0,0,0,0,0,0,0,0,0,0,0,0,0,0,0,0,0,1.996868e-03,0,0,0,0,1.419360e+04,0,0,0,0,0,3.357382e-05,0,0,0,0,0,0,0,0,0,0,0,0,0,0,0,0,0,7.409331e+04,2.941735e-05,6.979042e-07,0,0,0,0,0,0,0,0,0,0,0,0,0,0,0,0,0,0,0,0,0,0,0,0,0,0,0,0,0,0,0,0,0,0,1.487896e+02,0,0,0,0,0,0,0,0,0,0,0,0,0,8.921006e-03,0,0,0,0,0,0,
"Basic tin production",0,0,0,0,0,0,0,0,0,0,0,0,0,0,0,0,0,0,0,0,0,0,0,0,0,0,0,0,0,0,0,0,0,0,0,0,0,0,0,0,0,0,0,0,0,0,0,0,0,0,0,0,0,0,0,0,0,0,0,0,0,0,0,0,0,0,0,0,0,0,0,4.252728e+02,0,0,0,0,8.537109e-08,0,0,0,0,0,0,0,0,0,0,0,0,0,0,0,0,0,0,5.572718e+01,0,0,0,0,0,0,0,0,0,0,0,0,0,0,0,0,0,0,0,0,0,0,0,0,0,0,0,0,0,0,0,0,0,0,0,0,0,0,0,0,0,0,0,0,0,0,0,0,0,1.409247e-07,0,0,0,0,0,0,
"Basic gold production",0,0,0,0,0,0,0,0,0,0,0,0,0,0,0,0,0,0,0,0,0,0,0,0,0,0,0,0,0,0,0,0,0,0,0,0,0,0,0,0,0,0,0,0,0,0,0,0,0,0,0,0,0,0,0,0,0,0,0,0,0,0,0,0,0,0,0,0,0,0,0,0,4.508424e+00,0,0,0,3.450142e-138,0,0,0,0,0,0,0,0,0,0,0,0,0,0,0,0,0,0,7.114074e-139,0,0,0,0,0,0,0,0,0,0,0,0,0,0,0,0,0,0,0,0,0,0,0,0,0,0,0,0,0,0,0,0,0,0,0,0,0,0,0,0,0,0,0,0,0,0,0,0,0,5.619373e+01,0,0,0,0,0,0,
"Basic silver production",0,0,0,0,0,0,0,0,0,0,0,0,0,0,0,0,0,0,0,0,0,0,0,0,0,0,0,0,0,0,0,0,0,0,0,0,0,0,0,0,0,0,0,0,0,0,0,0,0,0,0,0,0,0,0,0,0,0,0,0,0,0,0,0,0,0,0,0,0,0,0,0,0,1.416947e+01,0,0,1.233789e-08,0,0,0,0,0,0,0,0,0,0,0,0,0,0,0,0,0,0,3.766823e-08,0,0,0,0,0,0,0,0,0,0,0,0,0,0,0,0,0,0,0,0,0,0,0,0,0,0,0,0,0,0,0,0,0,0,0,0,0,0,0,0,0,0,0,0,0,0,0,0,0,3.234734e+02,0,0,0,0,0,0,
"Basic cobalt production",0,0,0,0,0,0,0,0,0,0,0,0,0,0,0,0,0,0,0,0,0,0,0,0,0,0,0,0,0,0,0,0,0,0,0,0,0,0,0,0,0,0,0,0,0,0,0,0,0,0,0,0,0,0,0,0,0,0,0,0,0,0,0,0,0,0,0,0,0,0,0,0,0,0,2.429422e+02,0,1.348136e-08,0,0,0,0,0,0,0,0,0,0,0,0,0,0,0,0,0,0,4.187841e-08,0,0,0,0,0,0,0,0,0,0,0,0,0,0,0,0,0,0,0,0,0,0,0,0,0,0,0,0,0,0,0,0,0,0,0,0,0,0,0,0,0,0,0,0,0,0,0,0,0,1.568588e+03,0,0,0,0,0,0,
"Basic cadmium production",0,0,0,0,0,0,0,0,0,0,0,0,0,0,0,0,0,0,0,0,0,0,0,0,0,0,0,0,0,0,0,0,0,0,0,0,0,0,0,0,0,0,0,0,0,0,0,0,0,0,0,0,0,0,0,0,0,0,0,0,0,0,0,0,0,0,0,0,0,0,0,0,0,0,0,1.400056e+00,1.225755e-08,0,0,0,0,0,0,0,0,0,0,0,0,0,0,0,0,0,0,3.734743e-08,0,0,0,0,0,0,0,0,0,0,0,0,0,0,0,0,0,0,0,0,0,0,0,0,0,0,0,0,0,0,0,0,0,0,0,0,0,0,0,0,0,0,0,0,0,0,0,0,0,2.161353e+02,0,0,0,0,0,0,
"Other metals production",0,0,0,0,0,0,0,0,0,0,0,0,0,0,0,0,0,0,0,0,0,0,0,0,0,0,0,0,0,0,0,0,0,0,0,0,0,0,0,0,0,0,0,0,0,0,0,0,0,0,0,0,0,0,0,0,0,0,0,0,0,0,0,0,0,0,0,0,0,0,0,0,0,0,0,0,1.798077e-135,0,0,0,0,0,0,0,0,0,0,0,0,0,0,0,0,0,0,3.707573e-136,4.922279e-13,0,0,0,0,0,0,0,0,0,0,0,0,0,0,0,0,0,0,0,0,0,0,0,0,0,0,0,0,0,0,0,0,0,0,0,0,0,0,0,0,0,0,0,0,0,0,0,0,2.928594e+04,0,0,0,0,0,0,
"Cement ",0,0,0,0,0,0,0,0,0,0,0,0,0,0,0,0,0,0,0,0,0,0,0,0,0,0,0,0,0,0,0,0,0,0,0,0,0,0,0,0,0,0,0,0,0,0,0,0,0,0,0,0,0,0,0,0,0,0,0,0,0,0,0,0,0,0,0,0,0,0,0,0,0,0,0,0,0,0,0,3.785919e+06,4.711618e-07,4.446712e-07,0,0,0,0,0,0,0,0,0,0,0,0,0,0,0,0,0,0,0,0,0,0,0,1.019792e+06,3.011692e+05,0,1.556289e+05,6.202161e+04,0,1.121068e+05,2.481543e+05,0,3.237106e+05,4.589217e+05,0,0,0,0,0,0,0,0,0,0,0,0,0,0,0,0,0,0,0,0,0,0,0,0,0,0,0,0,5.734789e+04,0,0,0,0,0,0,0,
"Plasterboard",0,0,0,0,0,0,0,0,0,0,0,0,0,0,0,0,0,0,0,0,0,0,0,0,0,0,0,0,0,0,0,0,0,0,0,0,0,0,0,0,0,0,0,0,0,0,0,0,0,0,0,0,0,0,0,0,0,0,0,0,0,0,0,0,0,0,0,0,0,0,0,0,0,0,0,0,0,0,0,0,0,0,0,0,0,0,0,0,0,0,0,0,0,0,0,0,0,0,0,0,0,0,0,0,0,4.910147e+05,1.587835e+05,0,2.579887e+04,1.057620e+04,0,1.923027e+04,4.232634e+04,0,5.525798e+04,7.820602e+04,0,0,0,0,0,0,0,0,0,0,0,0,0,0,0,0,0,0,0,0,0,0,0,0,0,0,0,0,9.444274e+04,0,0,0,0,0,0,0,
"Premixed concrete",0,0,0,0,0,0,0,0,0,0,0,0,0,0,0,0,0,0,0,0,0,0,0,0,0,0,0,0,0,0,0,0,0,0,0,0,0,0,0,0,0,0,0,0,0,0,0,0,0,0,0,0,0,0,0,0,0,0,0,0,0,0,0,0,0,0,0,0,0,0,0,0,0,0,0,0,0,0,0,0,2.180624e+06,7.577975e+05,0,0,0,0,0,0,0,0,0,0,0,0,0,0,0,0,0,0,0,0,0,3.146266e+07,0,1.857374e+01,1.205530e+00,0,6.396038e+00,3.652693e-01,0,1.172431e+02,1.430823e+01,0,5.554591e+01,8.829267e+00,0,0,0,0,0,0,0,0,0,0,0,0,0,0,0,0,0,0,0,0,0,0,0,0,0,0,0,0,0,0,0,0,0,0,0,0,
"Concrete Brick, Block and Pavers ",0,0,0,0,0,0,0,0,0,0,0,0,0,0,0,0,0,0,0,0,0,0,0,0,0,0,0,0,0,0,0,0,0,0,0,0,0,0,0,0,0,0,0,0,0,0,0,0,0,0,0,0,0,0,0,0,0,0,0,0,0,0,0,0,0,0,0,0,0,0,0,0,0,0,0,0,0,0,0,0,0,0,0,0,0,0,0,0,0,0,0,0,0,0,0,0,0,0,0,0,0,0,0,0,0,5.857344e+05,1.594163e+05,0,1.577329e+05,6.593349e+04,0,1.201447e+05,2.632117e+05,0,3.431300e+05,4.853207e+05,0,0,0,0,0,0,0,0,0,0,0,0,0,0,0,0,0,0,0,0,0,0,0,0,0,0,0,0,0,0,0,0,0,0,0,0,
"Concrete roofing tiles",0,0,0,0,0,0,0,0,0,0,0,0,0,0,0,0,0,0,0,0,0,0,0,0,0,0,0,0,0,0,0,0,0,0,0,0,0,0,0,0,0,0,0,0,0,0,0,0,0,0,0,0,0,0,0,0,0,0,0,0,0,0,0,0,0,0,0,0,0,0,0,0,0,0,0,0,0,0,0,0,0,0,0,0,0,0,0,0,0,0,0,0,0,0,0,0,0,0,0,0,0,0,0,0,0,2.035530e+05,5.539997e+04,0,5.481497e+04,2.291305e+04,0,4.175241e+04,9.147071e+04,0,1.192437e+05,1.686575e+05,0,0,0,0,0,0,0,0,0,0,0,0,0,0,0,0,0,0,0,0,0,0,0,0,0,0,0,0,0,0,0,0,0,0,0,0,
"Asphalt",0,0,0,0,0,0,0,0,0,0,0,0,0,0,0,0,0,0,0,0,0,0,0,0,0,0,0,0,0,0,0,0,0,0,0,0,0,0,0,0,0,0,0,0,0,0,0,0,0,0,0,0,0,0,0,0,0,0,0,0,0,0,0,0,0,0,0,0,0,0,0,0,0,0,0,0,0,0,0,0,0,0,0,0,0,0,0,0,0,0,0,0,0,0,0,0,0,0,0,0,0,0,0,0,0,3.904136e+05,5.955894e+06,0,2.863622e-06,6.941814e+04,0,1.499065e+02,4.172990e-06,0,2.448647e-05,8.249284e-07,0,0,0,0,0,0,0,0,0,0,0,0,0,0,0,0,0,0,0,0,0,0,0,0,0,0,0,0,0,0,0,0,0,0,0,0,
"Brown coal",0,0,0,0,0,0,0,0,0,0,0,0,0,0,0,0,0,0,0,0,0,0,0,0,0,0,0,0,0,0,0,0,0,0,0,0,0,0,0,0,0,0,0,0,0,0,0,0,0,0,0,8.369452e-02,0,0,0,0,0,0,0,0,0,0,0,0,0,0,0,0,0,0,0,0,0,0,0,0,0,0,0,0,0,0,0,0,0,0,0,0,0,0,0,0,0,0,0,0,0,0,0,0,0,0,0,0,0,0,0,0,0,0,0,0,0,0,0,0,0,0,0,0,0,0,0,0,0,0,0,0,0,0,0,0,0,0,0,0,0,0,0,0,0,0,0,0,2.048609e+06,2.715138e+07,2.715138e+07,0,0,0,0,0,
"Hard coal",0,0,0,0,0,0,0,0,0,0,0,0,0,0,0,0,0,0,0,0,0,0,0,0,0,0,0,0,0,0,0,0,0,0,0,0,0,0,0,0,0,0,0,0,0,0,0,0,0,0,0,2.712199e-01,0,0,0,0,0,0,0,0,0,0,0,0,0,0,0,0,0,0,0,0,0,0,0,0,0,0,0,0,0,0,0,0,0,0,0,0,0,0,0,0,0,0,0,0,0,0,0,0,0,0,0,0,0,0,0,0,0,0,0,0,0,0,0,0,0,0,0,0,0,0,0,0,0,0,0,0,0,0,0,0,0,0,0,0,0,0,0,0,0,0,0,0,6.638707e+06,8.798658e+07,8.798658e+07,0,0,0,0,0,
"Peat",0,0,0,0,0,0,0,0,0,0,0,0,0,0,0,0,0,0,0,0,0,0,0,0,0,0,0,0,0,0,0,0,0,0,0,0,0,0,0,0,0,0,0,0,0,0,0,0,0,0,0,1.004229e-02,0,0,0,0,0,0,0,0,0,0,0,0,0,0,0,0,0,0,0,0,0,0,0,0,0,0,0,0,0,0,0,0,0,0,0,0,0,0,0,0,0,0,0,0,0,0,0,0,0,0,0,0,0,0,0,0,0,0,0,0,0,0,0,0,0,0,0,0,0,0,0,0,0,0,0,0,0,0,0,0,0,0,0,0,0,0,0,0,0,0,0,0,2.458074e+05,3.257826e+06,3.257826e+06,0,0,0,0,0,
"Crude oil and natural gas liquids",0,0,0,0,0,0,0,0,0,0,0,0,0,0,0,0,0,0,0,0,0,0,0,0,0,0,0,0,0,0,0,0,0,0,0,0,0,0,0,0,0,0,0,0,0,0,0,0,0,0,0,5.794833e-02,0,0,0,0,0,0,0,0,0,0,0,0,0,0,0,0,0,0,0,0,0,0,0,0,0,0,0,0,0,0,0,0,0,0,0,0,0,0,0,0,0,0,0,0,0,0,0,0,0,0,0,0,0,0,0,0,0,0,0,0,0,0,0,0,0,0,0,0,0,0,0,0,0,0,0,0,0,0,0,0,0,0,0,0,0,0,0,0,0,0,2.308093e-10,0,1.418414e+06,1.879905e+07,1.879905e+07,0,0,0,0,0,
"Natural gas",0,0,0,0,0,0,0,0,0,0,0,0,0,0,0,0,0,0,0,0,0,0,0,0,0,0,0,0,0,0,0,0,0,0,0,0,0,0,0,0,0,0,0,0,0,0,0,0,0,0,0,1.740654e-02,0,0,0,0,0,0,0,0,0,0,0,0,0,0,0,0,0,0,0,0,0,0,0,0,0,0,0,0,0,0,0,0,0,0,0,0,0,0,0,0,0,0,0,0,0,0,0,0,0,0,0,0,0,0,0,0,0,0,0,0,0,0,0,0,0,0,0,0,0,0,0,0,0,0,0,0,0,0,0,0,0,0,0,0,0,0,0,0,0,0,6.933059e-11,0,4.260637e+05,5.646866e+06,5.646866e+06,0,0,0,0,0,
"Other oil and petroleum products",0,0,0,0,0,0,0,0,0,0,0,0,0,0,0,0,0,0,0,0,0,0,0,0,0,0,0,0,0,0,0,0,0,0,0,0,0,0,0,0,0,0,0,0,0,0,0,0,0,0,0,2.960601e-57,0,0,0,0,0,0,0,0,0,0,0,0,0,0,0,0,0,0,0,0,0,0,0,0,0,0,0,0,0,0,0,0,0,0,0,0,0,0,0,0,0,0,0,0,0,0,0,1.197889e-47,0,0,0,0,0,5.417886e+01,1.455485e+01,0,1.407325e+01,5.837679e+00,0,8.786316e+00,2.019455e+01,0,3.683492e+01,4.815433e+01,0,0,0,0,0,0,0,0,0,0,0,0,0,0,0,0,0,0,0,0,0,0,0,0,0,0,1.179213e-65,0,7.246726e-50,3.649819e+03,9.604500e-49,0,0,0,0,0,
"Iron and steel products",0,0,0,0,0,0,0,0,0,0,0,0,0,0,0,0,0,0,0,0,0,0,0,0,0,0,0,0,0,0,0,0,0,0,0,0,0,0,0,0,0,0,0,0,0,0,0,0,0,0,0,0,0,0,0,0,0,0,0,0,0,0,0,5.988334e-04,0,4.604052e-05,0,0,0,0,0,0,0,0,0,0,0,0,0,0,0,0,0,0,0,0,0,0,0,0,0,0,0,0,0,0,0,0,0,0,0,0,0,0,0,7.321904e+05,1.895849e+05,0,2.192910e+05,9.109291e+04,0,1.601492e+05,3.464815e+05,0,5.281113e+05,7.131467e+05,0,0,0,0,0,0,0,0,0,0,0,0,0,0,0,0,0,0,0,0,0,0,0,0,0,0,4.464836e-01,0,1.813123e+06,8.227509e-36,0,0,0,0,0,0,
"Copper products",0,0,0,0,0,0,0,0,0,0,0,0,0,0,0,0,0,0,0,0,0,0,0,0,0,0,0,0,0,0,0,0,0,0,0,0,0,0,0,0,0,0,0,0,0,0,0,0,0,0,0,0,0,0,0,0,0,0,0,0,0,0,0,0,0,0,0,0,0,0,0,0,0,0,0,0,0,0,0,0,0,0,0,0,0,0,0,0,0,0,0,0,0,0,0,0,0,5.026611e-01,0,0,0,0,0,0,0,1.751210e+04,4.405728e+03,0,5.646229e+03,2.360800e+03,0,4.027821e+03,8.738152e+03,0,1.197221e+04,1.665238e+04,0,0,0,0,0,0,0,0,0,0,0,0,0,0,0,0,0,0,0,0,0,0,0,0,0,0,2.509493e-07,0,9.570059e-11,6.069745e+04,0,0,0,0,0,0,
"Aluminium products",0,0,0,0,0,0,0,0,0,0,0,0,0,0,0,0,0,0,0,0,0,0,0,0,0,0,0,0,0,0,0,0,0,0,0,0,0,0,0,0,0,0,0,0,0,0,0,0,0,0,0,0,0,0,0,0,0,0,0,0,0,0,0,0,0,0,0,4.482345e-09,0,0,0,0,0,0,0,0,0,0,0,0,0,0,0,0,0,0,0,0,0,0,0,1.146667e-13,0,0,0,0,0,0,0,0,0,0,0,0,0,3.105394e+04,8.348861e+03,0,8.151369e+03,3.397815e+03,0,5.839659e+03,1.269220e+04,0,1.705486e+04,2.386420e+04,0,0,0,0,0,0,0,0,0,0,0,0,0,0,0,0,0,0,0,0,0,0,0,0,0,0,2.502805e-06,0,9.544555e-10,1.335094e+05,0,0,0,0,0,0,
"Zinc products",0,0,0,0,0,0,0,0,0,0,0,0,0,0,0,0,0,0,0,0,0,0,0,0,0,0,0,0,0,0,0,0,0,0,0,0,0,0,0,0,0,0,0,0,0,0,0,0,0,0,0,0,0,0,0,0,0,0,0,0,0,0,0,0,0,0,0,0,2.772907e-13,0,0,0,0,0,0,0,0,0,0,0,0,0,0,0,0,0,0,0,0,0,0,0,0,0,0,0,0,0,0,0,0,0,0,0,0,3.106090e+04,7.922989e+03,0,9.618931e+03,4.019431e+03,0,6.818238e+03,1.478309e+04,0,2.052642e+04,2.843973e+04,0,0,0,0,0,0,0,0,0,0,0,0,0,0,0,0,0,0,0,0,0,0,0,0,0,0,2.421926e-06,0,9.236116e-10,1.616333e+05,0,0,0,0,0,0,
"Lead products",0,0,0,0,0,0,0,0,0,0,0,0,0,0,0,0,0,0,0,0,0,0,0,0,0,0,0,0,0,0,0,0,0,0,0,0,0,0,0,0,0,0,0,0,0,0,0,0,0,0,0,0,0,0,0,0,0,0,0,0,0,0,0,0,0,0,0,0,0,3.096348e-08,0,0,0,0,0,0,0,0,0,0,0,0,0,0,0,0,0,0,0,0,0,0,0,0,0,0,0,0,0,0,0,0,0,0,0,7.313328e+03,1.839901e+03,0,2.357954e+03,9.859072e+02,0,1.682081e+03,3.649189e+03,0,4.999782e+03,6.954295e+03,0,0,0,0,0,0,0,0,0,0,0,0,0,0,0,0,0,0,0,0,0,0,0,0,0,0,8.977366e-07,0,3.423557e-10,2.534842e+04,0,0,0,0,0,0,
"Nickel products",0,0,0,0,0,0,0,0,0,0,0,0,0,0,0,0,0,0,0,0,0,0,0,0,0,0,0,0,0,0,0,0,0,0,0,0,0,0,0,0,0,0,0,0,0,0,0,0,0,0,0,0,0,0,0,0,0,0,0,0,0,0,0,0,0,0,0,0,0,0,1.687131e+03,0,0,0,0,0,0,0,0,0,0,0,0,0,0,0,0,0,0,0,0,0,0,0,0,0,0,0,0,0,0,0,0,0,0,9.821069e+03,2.470803e+03,0,3.166496e+03,1.323975e+03,0,2.258867e+03,4.900496e+03,0,6.714208e+03,9.338923e+03,0,0,0,0,0,0,0,0,0,0,0,0,0,0,0,0,0,0,0,0,0,0,0,0,0,0,3.009075e-02,0,2.269941e+03,3.008483e+04,0,0,0,0,0,0,
"Other metal products",0,0,0,0,0,0,0,0,0,0,0,0,0,0,0,0,0,0,0,0,0,0,0,0,0,0,0,0,0,0,0,0,0,0,0,0,0,0,0,0,0,0,0,0,0,0,0,0,0,0,0,0,0,0,0,0,0,0,0,0,0,0,0,0,0,0,0,0,0,0,0,8.366107e-07,3.085494e-165,2.644203e+02,1.021085e+03,2.010589e+02,9.080302e-145,0,0,0,0,0,0,0,0,0,0,0,0,0,0,0,0,0,0,0,0,0,0,0,0,0,0,0,0,7.793093e+02,2.019208e+02,0,2.313246e+02,9.693785e+01,0,1.666878e+02,3.580961e+02,0,4.964089e+02,6.865749e+02,0,0,0,0,0,0,0,0,0,0,0,0,0,0,0,0,0,0,0,0,0,0,0,0,0,0,1.815802e-14,0,1.115882e+02,1.478942e+03,0,0,0,0,0,0,
"Insulated wire and cabling",0,0,0,0,0,0,0,0,0,0,0,0,0,0,0,0,0,0,0,0,0,0,0,0,0,0,0,0,0,0,0,0,0,0,0,0,0,0,0,0,0,0,0,0,0,0,0,0,0,0,0,0,0,0,0,0,0,0,0,0,0,0,0,0,0,0,0,0,0,0,0,0,0,0,0,0,0,0,0,0,0,0,0,0,0,0,0,0,0,0,0,0,0,0,0,0,0,0,0,0,0,0,0,0,0,2.438341e-07,6.134424e-08,0,7.861666e-08,3.287119e-08,0,5.608236e-08,1.216678e-07,0,1.666980e-07,2.318635e-07,0,0,0,0,0,0,0,0,0,0,0,0,0,0,0,0,0,0,0,0,0,0,0,0,0,0,0,0,5.931126e-08,7.860861e-07,0,0,0,0,0,0,
"Copper scrap",0,0,0,0,0,0,0,0,0,0,0,0,0,0,0,0,0,0,0,0,0,0,0,0,0,0,0,0,0,0,0,0,0,0,0,0,0,0,0,0,0,0,0,0,0,0,0,0,0,0,0,0,0,0,0,0,0,0,0,0,0,0,0,0,0,0,2.400000e+04,0,0,0,0,0,0,0,0,0,0,0,0,0,0,0,0,0,0,0,0,0,0,0,0,0,0,0,0,0,0,0,0,0,0,0,0,0,0,0,0,0,0,0,0,0,0,0,0,0,0,0,0,0,0,0,0,0,0,0,0,0,0,0,0,0,0,0,0,0,0,0,0,0,0,0,0,0,0,0,0,0,0,0,0,0,
"Fertilizers",2.113886e+05,3.412936e+01,7.684557e+03,2.220206e+05,1.521475e+04,1.239135e+04,1.083785e+04,9.600237e+03,4.729742e+04,6.397484e-08,3.412065e+05,4.143896e+05,0,0,1.003016e-08,1.039581e-07,1.004616e-08,0,0,0,0,0,0,0,0,0,0,0,0,0,0,0,0,0,0,0,0,0,0,0,0,0,0,0,0,0,0,0,0,0,0,0,0,0,0,0,0,0,0,0,0,0,0,0,0,0,0,0,0,0,0,0,0,0,0,0,0,0,0,0,0,0,0,0,0,0,0,0,0,0,0,0,0,0,0,0,0,0,0,0,0,0,0,0,0,0,0,0,0,0,0,0,0,0,0,0,0,0,0,0,0,0,0,0,0,0,0,0,0,0,0,0,0,0,0,0,0,0,0,0,0,0,2.105881e-08,0,1.006697e-08,4.039937e+04,0,0,0,0,0,0,
"Chemicals and related products",0,0,0,0,0,0,0,0,0,0,0,0,0,0,0,0,0,0,0,0,0,0,0,0,0,0,0,0,0,0,0,0,0,0,0,0,0,0,0,0,0,0,0,0,0,0,0,0,0,0,0,0,0,0,0,0,0,0,0,0,0,0,0,0,0,0,0,0,0,0,0,0,0,0,0,0,0,0,0,0,0,0,0,0,0,0,0,0,0,0,0,0,0,0,0,0,0,0,0,8.778402e-156,2.156086e-267,1.065663e-179,1.040633e-213,0,3.862762e-173,0,0,0,0,0,0,0,0,0,0,0,0,0,0,0,0,0,0,0,0,0,4.632940e+06,0,0,0,0,0,0,0,0,0,1.769502e+06,0,0,0,0,0,8.641542e-174,0,5.310567e-158,1.160627e+06,7.038398e-166,0,0,0,0,0,
"Manufactured food products",0,0,0,0,0,0,0,0,0,0,0,0,0,0,0,0,0,0,0,0,0,0,0,0,0,0,0,0,0,0,0,0,0,0,0,0,0,0,0,0,0,0,0,0,0,0,0,0,0,0,0,0,0,0,0,0,0,0,0,0,0,0,0,0,0,0,0,0,0,0,0,0,0,0,0,0,0,0,0,0,0,0,0,0,0,0,0,0,0,0,0,0,0,0,0,0,0,0,0,0,0,0,0,0,0,0,0,0,0,0,0,0,0,0,0,0,0,0,0,0,0,0,0,0,0,0,1.620287e-07,0,0,0,0,0,0,0,0,0,1.199889e-07,0,0,0,0,0,2.604638e-25,0,1.600653e-09,1.611802e-07,2.121436e-17,0,0,0,0,0,
"Animal and vegetable fats and oils",0,0,0,0,0,0,0,0,0,0,0,0,0,0,0,0,0,0,0,0,0,0,0,0,0,0,0,0,0,0,0,0,0,0,0,0,0,0,0,0,0,0,0,0,0,0,0,0,0,0,0,0,0,0,0,0,0,0,0,0,0,0,0,0,0,0,0,0,0,0,0,0,0,0,0,0,0,0,0,0,0,0,0,0,0,0,0,0,0,0,0,0,0,0,0,0,0,0,0,0,0,0,0,0,0,0,0,0,0,0,0,0,0,0,0,0,0,0,0,0,0,0,0,0,0,0,1.000232e-08,0,0,0,0,0,0,0,0,0,1.001376e-08,0,0,0,0,0,8.754058e-119,0,5.379713e-103,5.195655e+00,7.130041e-111,0,0,0,0,0,
"Beverages and tobacco",0,0,0,0,0,0,0,0,0,0,0,0,0,0,0,0,0,0,0,0,0,0,0,0,0,0,0,0,0,0,0,0,0,0,0,0,0,0,0,0,0,0,0,0,0,0,0,0,0,0,0,0,0,0,0,0,0,0,0,0,0,0,0,0,0,0,0,0,0,0,0,0,0,0,0,0,0,0,0,0,0,0,0,0,0,0,0,0,0,0,0,0,0,0,0,0,0,0,0,0,0,0,0,0,0,0,0,0,0,0,0,0,0,0,0,0,0,0,0,0,0,0,0,0,0,0,2.368820e-08,0,0,0,0,0,0,0,0,0,2.242816e-08,0,0,0,0,0,2.280518e-93,0,1.401468e-77,3.881039e+02,1.857446e-85,0,0,0,0,0,
"All other manufacturing",0,0,0,0,0,0,0,0,0,0,0,0,0,0,0,0,0,0,0,0,0,0,0,0,0,0,0,0,0,0,0,0,0,0,0,0,0,0,0,0,0,0,0,0,0,0,0,0,0,0,0,0,0,0,0,0,0,0,0,0,0,0,0,0,0,0,0,0,0,0,0,0,0,0,0,0,0,0,0,0,0,0,0,0,0,0,0,0,0,0,0,0,0,0,0,0,0,0,0,0,0,0,0,0,0,0,0,0,0,0,0,0,0,0,0,0,0,1.578772e-151,1.592989e-144,4.897126e-05,3.503494e-06,1.597302e-148,1.546123e-04,6.847072e-05,5.388504e-06,5.446289e-01,1.752986e-02,6.620708e-01,1.746644e-27,4.277538e-08,1.399403e-03,1.450563e-149,2.224659e-05,2.795583e-05,3.137178e-06,5.583131e-01,9.516761e-03,2.745916e-06,1.075568e-05,0,0,0,2.371518e-48,0,1.457391e-32,3.244647e+07,1.931563e-40,0,0,0,0,0,
"Machinery and transport equipment",0,0,0,0,0,0,0,0,0,0,0,0,0,0,0,0,0,0,0,0,0,0,0,0,0,0,0,0,0,0,0,0,0,0,0,0,0,0,0,0,0,0,0,0,0,0,0,0,0,0,0,0,0,0,0,0,0,0,0,0,0,0,0,0,0,0,0,0,0,0,0,0,0,0,0,0,0,0,0,0,0,0,0,0,0,0,0,0,0,0,0,0,0,0,0,0,0,0,0,0,0,0,0,0,0,0,0,0,0,0,0,0,0,0,0,0,0,1.312541e-315,1.324361e-308,1.015559e-08,2.920191e-08,1.327946e-312,0,0,0,1.005172e-08,1.000248e-08,1.076523e-08,1.452105e-191,1.305595e-08,8.071901e-06,1.205953e-313,0,0,0,1.005392e-08,1.001033e-08,0,1.583297e-08,0,0,0,1.971605e-212,0,1.211629e-196,6.359383e+00,1.605841e-204,0,0,0,0,0,
"Residential construction (new building)",0,0,0,0,0,0,0,0,0,0,0,0,0,0,0,0,0,0,0,0,0,0,0,0,0,0,0,0,0,0,0,0,0,0,0,0,0,0,0,0,0,0,0,0,0,0,0,0,0,0,0,0,0,0,0,0,0,0,0,0,0,0,0,0,0,0,0,0,0,0,0,0,0,0,0,0,0,0,0,0,0,0,0,0,0,0,0,0,0,0,0,0,0,0,0,0,0,0,0,0,0,0,0,0,0,0,0,0,0,0,0,0,0,0,0,0,0,1.938984e-04,2.565623e-04,1.080882e+00,4.932308e-03,3.778129e-04,1.084581e+05,6.139953e+02,1.068587e+01,2.039693e+00,2.061679e+02,2.812947e+04,3.419774e+01,5.571275e-05,6.504799e-02,2.427402e-03,4.058261e+03,2.821782e+02,1.017526e+01,5.346300e+00,7.630921e+01,7.293306e+01,3.065799e-01,0,0,0,0,0,0,0,1.807978e-02,1.807978e+07,0,0,0,0,
"Residential construction (repair, rennovation, alteration)",0,0,0,0,0,0,0,0,0,0,0,0,0,0,0,0,0,0,0,0,0,0,0,0,0,0,0,0,0,0,0,0,0,0,0,0,0,0,0,0,0,0,0,0,0,0,0,0,0,0,0,0,0,0,0,0,0,0,0,0,0,0,0,0,0,0,0,0,0,0,0,0,0,0,0,0,0,0,0,0,0,0,0,0,0,0,0,0,0,0,0,0,0,0,0,0,0,0,0,0,0,0,0,0,0,0,0,0,0,0,0,0,0,0,0,0,0,9.201556e-04,1.217531e-03,5.129385e+00,2.340654e-02,1.792933e-03,5.146941e+05,2.913749e+03,5.071040e+01,9.679480e+00,9.783812e+02,1.334900e+05,1.622873e+02,2.643880e-04,3.086889e-01,1.151937e-02,1.925871e+04,1.339093e+03,4.828726e+01,2.537117e+01,3.621297e+02,3.461079e+02,1.454892e+00,0,0,0,0,0,0,0,9.992498e-03,9.992498e+06,0,0,0,0,
"Residential demolition",0,0,0,0,0,0,0,0,0,0,0,0,0,0,0,0,0,0,0,0,0,0,0,0,0,0,0,0,0,0,0,0,0,0,0,0,0,0,0,0,0,0,0,0,0,0,0,0,0,0,0,0,0,0,0,0,0,0,0,0,0,0,0,0,0,0,0,0,0,0,0,0,0,0,0,0,0,0,0,0,0,0,0,0,0,0,0,0,0,0,0,0,0,0,0,0,0,0,0,0,0,0,0,0,0,0,0,0,0,0,0,0,0,0,0,0,0,7.261141e-04,9.607792e-04,4.047706e+00,1.847060e-02,1.414841e-03,4.061560e+05,2.299301e+03,4.001665e+01,7.638282e+00,7.720612e+02,1.053398e+05,1.280643e+02,2.086341e-04,2.435929e-01,9.090179e-03,1.519745e+04,1.056706e+03,3.810450e+01,2.002092e+01,2.857641e+02,2.731211e+02,1.148086e+00,0,0,0,0,0,0,0,0,0,0,0,0,0,
"Commercial construction (new building)",0,0,0,0,0,0,0,0,0,0,0,0,0,0,0,0,0,0,0,0,0,0,0,0,0,0,0,0,0,0,0,0,0,0,0,0,0,0,0,0,0,0,0,0,0,0,0,0,0,0,0,0,0,0,0,0,0,0,0,0,0,0,0,0,0,0,0,0,0,0,0,0,0,0,0,0,0,0,0,0,0,0,0,0,0,0,0,0,0,0,0,0,0,0,0,0,0,0,0,0,0,0,0,0,0,0,0,0,0,0,0,0,0,0,0,0,0,9.052735e-05,1.197839e-04,5.046425e-01,2.302798e-03,1.763935e-04,5.063698e+04,2.866624e+02,4.989024e+00,9.522930e-01,9.625574e+01,1.313310e+04,1.596625e+01,2.601119e-05,3.036963e-02,1.133306e-03,1.894723e+03,1.317435e+02,4.750629e+00,2.496083e+00,3.562728e+01,3.405102e+01,1.431361e-01,0,0,0,0,0,0,0,5.294723e-03,0,5.294723e+06,0,0,0,
"Commercial construction (repair, rennovation, alteration)",0,0,0,0,0,0,0,0,0,0,0,0,0,0,0,0,0,0,0,0,0,0,0,0,0,0,0,0,0,0,0,0,0,0,0,0,0,0,0,0,0,0,0,0,0,0,0,0,0,0,0,0,0,0,0,0,0,0,0,0,0,0,0,0,0,0,0,0,0,0,0,0,0,0,0,0,0,0,0,0,0,0,0,0,0,0,0,0,0,0,0,0,0,0,0,0,0,0,0,0,0,0,0,0,0,0,0,0,0,0,0,0,0,0,0,0,0,7.056514e-04,9.337033e-04,3.933637e+00,1.795007e-02,1.374969e-03,3.947100e+05,2.234504e+03,3.888893e+01,7.423026e+00,7.503036e+02,1.023712e+05,1.244553e+02,2.027546e-04,2.367282e-01,8.834008e-03,1.476917e+04,1.026927e+03,3.703067e+01,1.945671e+01,2.777110e+02,2.654242e+02,1.115732e+00,0,0,0,0,0,0,0,1.713281e-03,0,1.713281e+06,0,0,0,
"Commercial demolition",0,0,0,0,0,0,0,0,0,0,0,0,0,0,0,0,0,0,0,0,0,0,0,0,0,0,0,0,0,0,0,0,0,0,0,0,0,0,0,0,0,0,0,0,0,0,0,0,0,0,0,0,0,0,0,0,0,0,0,0,0,0,0,0,0,0,0,0,0,0,0,0,0,0,0,0,0,0,0,0,0,0,0,0,0,0,0,0,0,0,0,0,0,0,0,0,0,0,0,0,0,0,0,0,0,0,0,0,0,0,0,0,0,0,0,0,0,6.145886e-04,8.132110e-04,3.426010e+00,1.563366e-02,1.197532e-03,3.437736e+05,1.946146e+03,3.387040e+01,6.465101e+00,6.534786e+02,8.916039e+04,1.083946e+02,1.765895e-04,2.061789e-01,7.693998e-03,1.286324e+04,8.944043e+02,3.225194e+01,1.694586e+01,2.418730e+02,2.311718e+02,9.717488e-01,0,0,0,0,0,0,0,0,0,0,0,0,0,
"Other non-building construction (building)",0,0,0,0,0,0,0,0,0,0,0,0,0,0,0,0,0,0,0,0,0,0,0,0,0,0,0,0,0,0,0,0,0,0,0,0,0,0,0,0,0,0,0,0,0,0,0,0,0,0,0,0,0,0,0,0,0,0,0,0,0,0,0,0,0,0,0,0,0,0,0,0,0,0,0,0,0,0,0,0,0,0,0,0,0,0,0,0,0,0,0,0,0,0,0,0,0,0,0,0,0,0,0,0,0,0,0,0,0,0,0,0,0,0,0,0,0,6.350075e-05,8.402287e-05,3.539834e-01,1.615306e-03,1.237319e-04,3.551949e+04,2.010804e+02,3.499570e+00,6.679894e-01,6.751895e+01,9.212261e+03,1.119959e+01,1.824565e-05,2.130289e-02,7.949620e-04,1.329060e+03,9.241196e+01,3.332347e+00,1.750887e+00,2.499089e+01,2.388521e+01,1.004034e-01,0,0,0,0,0,0,0,4.475052e-03,0,0,4.475052e+06,0,0,
"Other non-building construction (repair, rennovation, alteration)",0,0,0,0,0,0,0,0,0,0,0,0,0,0,0,0,0,0,0,0,0,0,0,0,0,0,0,0,0,0,0,0,0,0,0,0,0,0,0,0,0,0,0,0,0,0,0,0,0,0,0,0,0,0,0,0,0,0,0,0,0,0,0,0,0,0,0,0,0,0,0,0,0,0,0,0,0,0,0,0,0,0,0,0,0,0,0,0,0,0,0,0,0,0,0,0,0,0,0,0,0,0,0,0,0,0,0,0,0,0,0,0,0,0,0,0,0,6.343574e-05,8.393686e-05,3.536210e-01,1.613653e-03,1.236052e-04,3.548314e+04,2.008746e+02,3.495987e+00,6.673057e-01,6.744983e+01,9.202832e+03,1.118812e+01,1.822697e-05,2.128108e-02,7.941483e-04,1.327700e+03,9.231736e+01,3.328935e+00,1.749094e+00,2.496530e+01,2.386076e+01,1.003006e-01,0,0,0,0,0,0,0,9.883140e-03,0,0,9.883140e+06,0,0,
"Other non-building demolition",0,0,0,0,0,0,0,0,0,0,0,0,0,0,0,0,0,0,0,0,0,0,0,0,0,0,0,0,0,0,0,0,0,0,0,0,0,0,0,0,0,0,0,0,0,0,0,0,0,0,0,0,0,0,0,0,0,0,0,0,0,0,0,0,0,0,0,0,0,0,0,0,0,0,0,0,0,0,0,0,0,0,0,0,0,0,0,0,0,0,0,0,0,0,0,0,0,0,0,0,0,0,0,0,0,0,0,0,0,0,0,0,0,0,0,0,0,4.121935e-05,5.454059e-05,2.297763e-01,1.048521e-03,8.031633e-05,2.305627e+04,1.305245e+02,2.271627e+00,4.336026e-01,4.382763e+01,5.979826e+03,7.269832e+00,1.184354e-05,1.382805e-02,5.160226e-04,8.627143e+02,5.998608e+01,2.163079e+00,1.136528e+00,1.622198e+01,1.550427e+01,6.517344e-02,0,0,0,0,0,0,0,0,0,0,0,0,0,
"Infrastructure construction (new)",0,0,0,0,0,0,0,0,0,0,0,0,0,0,0,0,0,0,0,0,0,0,0,0,0,0,0,0,0,0,0,0,0,0,0,0,0,0,0,0,0,0,0,0,0,0,0,0,0,0,0,0,0,0,0,0,0,0,0,0,0,0,0,0,0,0,0,0,0,0,0,0,0,0,0,0,0,0,0,0,0,0,0,0,0,0,0,0,0,0,0,0,0,0,0,0,0,0,0,0,0,0,0,0,0,0,0,0,0,0,0,0,0,0,0,0,0,9.497926e-05,1.256746e-04,5.294596e-01,2.416044e-03,1.850681e-04,5.312718e+04,3.007597e+02,5.234372e+00,9.991244e-01,1.009894e+02,1.377895e+04,1.675144e+01,2.729036e-05,3.186314e-02,1.189040e-03,1.987900e+03,1.382223e+02,4.984254e+00,2.618834e+00,3.737934e+01,3.572556e+01,1.501752e-01,0,0,0,0,0,0,0,1.216776e-02,0,0,0,1.216776e+07,0,
"Infrastructure construction (repair, rennovation, alteration)",0,0,0,0,0,0,0,0,0,0,0,0,0,0,0,0,0,0,0,0,0,0,0,0,0,0,0,0,0,0,0,0,0,0,0,0,0,0,0,0,0,0,0,0,0,0,0,0,0,0,0,0,0,0,0,0,0,0,0,0,0,0,0,0,0,0,0,0,0,0,0,0,0,0,0,0,0,0,0,0,0,0,0,0,0,0,0,0,0,0,0,0,0,0,0,0,0,0,0,0,0,0,0,0,0,0,0,0,0,0,0,0,0,0,0,0,0,9.497527e-05,1.256693e-04,5.294373e-01,2.415942e-03,1.850603e-04,5.312494e+04,3.007471e+02,5.234152e+00,9.990824e-01,1.009851e+02,1.377837e+04,1.675073e+01,2.728921e-05,3.186180e-02,1.188990e-03,1.987817e+03,1.382165e+02,4.984044e+00,2.618724e+00,3.737777e+01,3.572406e+01,1.501689e-01,0,0,0,0,0,0,0,1.755562e-02,0,0,0,1.755562e+07,0,
"Infrastructure demolition",0,0,0,0,0,0,0,0,0,0,0,0,0,0,0,0,0,0,0,0,0,0,0,0,0,0,0,0,0,0,0,0,0,0,0,0,0,0,0,0,0,0,0,0,0,0,0,0,0,0,0,0,0,0,0,0,0,0,0,0,0,0,0,0,0,0,0,0,0,0,0,0,0,0,0,0,0,0,0,0,0,0,0,0,0,0,0,0,0,0,0,0,0,0,0,0,0,0,0,0,0,0,0,0,0,0,0,0,0,0,0,0,0,0,0,0,0,8.551558e-05,1.131524e-04,4.767045e-01,2.175310e-03,1.666280e-04,4.783361e+04,2.707922e+02,4.712822e+00,8.995722e-01,9.092683e+01,1.240603e+04,1.508233e+01,2.457116e-05,2.868831e-02,1.070564e-03,1.789827e+03,1.244499e+02,4.487625e+00,2.357895e+00,3.365488e+01,3.216589e+01,1.352118e-01,0,0,0,0,0,0,0,0,0,0,0,0,0,
"Waste treatment: landfill (Steel)",0,0,0,0,0,0,0,0,0,0,0,0,0,0,0,0,0,0,0,0,0,0,0,0,0,0,0,0,0,0,0,0,0,0,0,0,0,0,0,0,0,0,0,0,0,0,0,0,0,0,0,0,0,0,0,0,0,0,0,0,0,0,0,0,0,0,0,0,0,0,0,0,0,0,0,0,0,0,0,0,0,0,0,0,0,0,0,0,0,0,0,0,0,0,0,0,0,0,0,0,0,0,0,0,0,0,0,0,0,0,0,0,0,0,0,0,0,0,0,0,0,0,0,0,0,0,0,8.972031e+00,0,0,0,0,0,0,0,0,0,0,8.784129e-05,3.825306e-219,0,0,0,0,0,0,8.790485e-14,0,0,0,0,0,
"Waste treatment: landfill (Copper)",0,0,0,0,0,0,0,0,0,0,0,0,0,0,0,0,0,0,0,0,0,0,0,0,0,0,0,0,0,0,0,0,0,0,0,0,0,0,0,0,0,0,0,0,0,0,0,0,0,0,0,0,0,0,0,0,0,0,0,0,0,0,0,0,0,0,0,0,0,0,0,0,0,0,0,0,0,0,0,0,0,0,0,0,0,0,0,0,0,0,0,0,0,0,0,0,0,0,0,0,0,0,0,0,0,0,0,0,0,0,0,0,0,0,0,0,0,0,0,0,0,0,0,0,0,0,0,0,6.310504e-18,0,0,0,0,0,0,0,0,0,5.455845e-03,3.036840e-217,0,0,0,0,0,0,6.978605e-12,0,0,0,0,0,
"Waste treatment: landfill (Aluminium)",0,0,0,0,0,0,0,0,0,0,0,0,0,0,0,0,0,0,0,0,0,0,0,0,0,0,0,0,0,0,0,0,0,0,0,0,0,0,0,0,0,0,0,0,0,0,0,0,0,0,0,0,0,0,0,0,0,0,0,0,0,0,0,0,0,0,0,0,0,0,0,0,0,0,0,0,0,0,0,0,0,0,0,0,0,0,0,0,0,0,0,0,0,0,0,0,0,0,0,0,0,0,0,0,0,0,0,0,0,0,0,0,0,0,0,0,0,0,0,0,0,0,0,0,0,0,0,0,0,1.515267e-01,0,0,0,0,0,0,0,0,6.507365e+02,1.061668e-08,0,0,0,0,0,0,7.864628e+03,0,0,0,0,0,
"Waste treatment: landfill (Lead)",0,0,0,0,0,0,0,0,0,0,0,0,0,0,0,0,0,0,0,0,0,0,0,0,0,0,0,0,0,0,0,0,0,0,0,0,0,0,0,0,0,0,0,0,0,0,0,0,0,0,0,0,0,0,0,0,0,0,0,0,0,0,0,0,0,0,0,0,0,0,0,0,0,0,0,0,0,0,0,0,0,0,0,0,0,0,0,0,0,0,0,0,0,0,0,0,0,0,0,0,0,0,0,0,0,0,0,0,0,0,0,0,0,0,0,0,0,0,0,0,0,0,0,0,0,0,0,0,0,0,2.062469e+02,0,0,0,0,0,0,0,4.556891e+02,1.003257e-08,0,0,0,0,0,0,1.049359e+03,0,0,0,0,0,
"Waste treatment: landfill (Other metals)",0,0,0,0,0,0,0,0,0,0,0,0,0,0,0,0,0,0,0,0,0,0,0,0,0,0,0,0,0,0,0,0,0,0,0,0,0,0,0,0,0,0,0,0,0,0,0,0,0,0,0,0,0,0,0,0,0,0,0,0,0,0,0,0,0,0,0,0,0,0,0,0,0,0,0,0,0,0,0,0,0,0,0,0,0,0,0,0,0,0,0,0,0,0,0,0,0,0,0,0,0,0,0,0,0,0,0,0,0,0,0,0,0,0,0,0,0,0,0,0,0,0,0,0,0,0,0,0,0,0,0,7.492806e-140,0,0,0,0,0,0,8.019511e-03,4.341803e-217,0,0,0,0,0,0,9.977387e-12,0,0,0,0,0,
"Waste treatment: landfill (Concrete, Masonry)",0,0,0,0,0,0,0,0,0,0,0,0,0,0,0,0,0,0,0,0,0,0,0,0,0,0,0,0,0,0,0,0,0,0,0,0,0,0,0,0,0,0,0,0,0,0,0,0,0,0,0,0,0,0,0,0,0,0,0,0,0,0,0,0,0,0,0,0,0,0,0,0,0,0,0,0,0,0,0,0,0,0,0,0,0,0,0,0,0,0,0,0,0,0,0,0,0,0,0,0,0,0,0,0,0,0,0,0,0,0,0,0,0,0,0,0,0,0,0,0,0,0,0,0,0,0,0,0,0,0,0,0,2.458788e+06,0,0,0,0,0,2.330617e+02,1.098787e-08,0,0,0,0,0,0,6.367739e+05,0,0,0,0,0,
"Waste treatment: landfill (Plasterboard)",0,0,0,0,0,0,0,0,0,0,0,0,0,0,0,0,0,0,0,0,0,0,0,0,0,0,0,0,0,0,0,0,0,0,0,0,0,0,0,0,0,0,0,0,0,0,0,0,0,0,0,0,0,0,0,0,0,0,0,0,0,0,0,0,0,0,0,0,0,0,0,0,0,0,0,0,0,0,0,0,0,0,0,0,0,0,0,0,0,0,0,0,0,0,0,0,0,0,0,0,0,0,0,0,0,0,0,0,0,0,0,0,0,0,0,0,0,0,0,0,0,0,0,0,0,0,0,0,0,0,0,0,0,1.314465e+05,0,0,0,0,0,1.160903e-08,0,0,0,0,0,0,2.473321e+04,0,0,0,0,0,
"Waste treatment: landfill (Timber)",0,0,0,0,0,0,0,0,0,0,0,0,0,0,0,0,0,0,0,0,0,0,0,0,0,0,0,0,0,0,0,0,0,0,0,0,0,0,0,0,0,0,0,0,0,0,0,0,0,0,0,0,0,0,0,0,0,0,0,0,0,0,0,0,0,0,0,0,0,0,0,0,0,0,0,0,0,0,0,0,0,0,0,0,0,0,0,0,0,0,0,0,0,0,0,0,0,0,0,0,0,0,0,0,0,0,0,0,0,0,0,0,0,0,0,0,0,0,0,0,0,0,0,0,0,0,0,0,0,0,0,0,0,0,2.218292e+03,0,0,1.589995e+04,8.386193e+01,3.338992e-08,0,0,0,0,0,0,1.456589e+03,0,0,0,0,0,
"Waste treatment: landfill (Glass)",0,0,0,0,0,0,0,0,0,0,0,0,0,0,0,0,0,0,0,0,0,0,0,0,0,0,0,0,0,0,0,0,0,0,0,0,0,0,0,0,0,0,0,0,0,0,0,0,0,0,0,0,0,0,0,0,0,0,0,0,0,0,0,0,0,0,0,0,0,0,0,0,0,0,0,0,0,0,0,0,0,0,0,0,0,0,0,0,0,0,0,0,0,0,0,0,0,0,0,0,0,0,0,0,0,0,0,0,0,0,0,0,0,0,0,0,0,0,0,0,0,0,0,0,0,0,0,0,0,0,0,0,0,0,0,1.570081e+04,0,0,9.551823e+02,1.108787e-08,0,0,0,0,0,0,1.708574e+05,0,0,0,0,0,
"Waste treatment: landfill (All other waste)",0,0,0,0,0,0,0,0,0,0,0,0,0,0,0,0,0,0,0,0,0,0,0,0,0,0,0,0,0,0,0,0,0,0,0,0,0,0,0,0,0,0,0,0,0,0,0,0,0,0,0,0,0,0,0,0,0,0,0,0,0,0,0,0,0,0,0,0,0,0,0,0,0,0,0,0,0,0,0,0,0,0,0,0,0,0,0,0,0,0,0,0,0,0,0,0,0,0,0,0,0,0,0,0,0,0,0,0,0,0,0,0,0,0,0,0,0,0,0,0,0,0,0,0,0,0,0,0,0,0,0,0,0,0,0,0,1.801837e+05,2.015937e+05,6.828734e+02,1.188618e-08,0,0,0,0,0,0,7.227446e+06,0,0,0,0,0,
"Waste treatment: recycling (Steel)",0,0,0,0,0,0,0,0,0,0,0,0,0,0,0,0,0,0,0,0,0,0,0,0,0,0,0,0,0,0,0,0,0,0,0,0,0,0,0,0,0,0,0,0,0,0,0,0,0,0,0,0,0,0,0,0,0,0,0,0,0,0,0,2.419536e+04,0,1.860229e+03,0,0,0,0,0,0,0,0,0,0,2.431231e-08,0,0,0,0,0,0,0,0,0,0,0,0,0,0,0,0,0,0,0,0,0,0,0,0,0,0,0,0,4.068226e-08,4.189379e-08,0,5.413122e-08,1.907248e-08,0,4.489434e-08,4.232559e-08,0,5.719003e-08,3.959339e-08,0,8.931298e+00,0,0,0,0,0,0,0,0,0,0,0,0,0,0,0,0,0,0,0,0,2.425247e+04,2.569797e-08,0,0,0,0,7.325770e+05,4.071701e-03,0,0,0,0,0,0,
"Waste treatment: recycling (Copper)",0,0,0,0,0,0,0,0,0,0,0,0,0,0,0,0,0,0,0,0,0,0,0,0,0,0,0,0,0,0,0,0,0,0,0,0,0,0,0,0,0,0,0,0,0,0,0,0,0,0,0,0,0,0,0,0,0,0,0,0,0,0,0,0,0,0,0,0,0,0,0,0,0,0,0,0,2.608421e-259,0,0,0,0,0,0,0,0,0,0,0,0,0,0,0,0,0,0,0,0,2.399943e+04,0,0,0,0,0,0,0,0,0,0,0,0,0,0,0,0,0,0,0,0,3.503742e-243,0,0,0,0,0,0,0,0,0,0,0,0,0,0,0,0,0,0,0,1.122837e-08,0,0,0,0,0,3.205498e-121,4.248430e-130,0,0,0,0,0,0,
"Waste treatment: recycling (Aluminium)",0,0,0,0,0,0,0,0,0,0,0,0,0,0,0,0,0,0,0,0,0,0,0,0,0,0,0,0,0,0,0,0,0,0,0,0,0,0,0,0,0,0,0,0,0,0,0,0,0,0,0,0,0,0,0,0,0,0,0,0,0,0,0,0,2.805525e+03,0,0,4.304487e+04,0,0,0,0,0,0,0,0,1.241885e-08,0,0,0,0,0,0,0,0,0,0,0,0,0,0,0,0,0,0,0,0,0,0,0,0,0,0,0,0,0,0,0,0,0,0,0,0,0,0,0,0,0,0,8.485585e+03,0,0,0,0,0,0,0,0,0,0,0,0,0,0,0,0,0,0,2.306144e+03,1.662439e-08,0,0,0,0,2.878364e+03,3.569858e-05,0,0,0,0,0,0,
"Waste treatment: recycling (Lead)",0,0,0,0,0,0,0,0,0,0,0,0,0,0,0,0,0,0,0,0,0,0,0,0,0,0,0,0,0,0,0,0,0,0,0,0,0,0,0,0,0,0,0,0,0,0,0,0,0,0,0,0,0,0,0,0,0,0,0,0,0,0,0,0,0,0,0,0,0,4.078953e-08,0,0,0,0,0,0,1.507580e-01,0,0,0,0,0,0,0,0,0,0,0,0,0,0,0,0,0,0,0,0,0,0,0,0,0,0,0,0,0,0,0,0,0,0,0,0,0,0,0,0,0,0,0,1.711946e+03,0,0,0,0,0,0,0,0,0,0,0,0,0,0,0,0,0,9.859489e+03,1.906352e-08,0,0,0,0,1.793699e+02,2.423891e+02,0,0,0,0,0,0,
"Waste treatment: recycling (Other metals)",0,0,0,0,0,0,0,0,0,0,0,0,0,0,0,0,0,0,0,0,0,0,0,0,0,0,0,0,0,0,0,0,0,0,0,0,0,0,0,0,0,0,0,0,0,0,0,0,0,0,0,0,0,0,0,0,0,0,0,0,0,0,0,6.538014e-05,0,9.195603e-06,3.316071e-21,1.272725e-49,7.669102e-06,4.068241e-08,1.439832e-04,8.369955e-05,1.480787e-05,1.611032e-04,7.414332e-05,1.801343e-04,6.925338e-189,0,0,0,0,0,0,0,0,0,0,0,0,0,0,0,0,0,0,0,0,0,0,0,0,0,0,0,0,0,0,0,0,0,0,0,0,0,0,0,0,0,0,0,0,9.327596e-177,0,0,0,0,0,0,0,0,0,0,0,0,0,0,0,0,1.488351e+02,4.908459e-255,0,0,0,0,8.510574e-51,1.127955e-59,0,0,0,0,0,0,
"Waste treatment: recycling (Concrete, masonry)",0,0,0,0,0,0,0,0,0,0,0,0,0,0,0,0,0,0,0,0,0,0,0,0,0,0,0,0,2.573762e+06,0,0,0,0,0,0,0,0,0,0,0,0,0,0,0,0,0,0,0,0,0,0,0,0,0,0,0,1.573308e-06,8.665346e-06,0,0,0,0,0,0,0,0,0,0,0,0,0,0,0,0,0,0,0,0,0,2.294970e-04,1.554105e-08,1.553804e-08,6.718443e-04,0,0,0,0,0,0,0,0,0,0,0,0,0,0,0,0,0,0,0,0,0,0,0,0,0,0,0,0,0,0,0,0,0,0,0,0,0,0,0,2.941390e-01,0,0,0,0,0,0,0,0,0,0,0,0,0,0,0,4.335444e-07,1.127974e-08,0,0,0,0,1.052285e-08,1.224099e-08,0,0,0,0,0,0,
"Waste treatment: recycling (Plasterboard)",0,0,0,0,0,0,0,0,0,0,0,0,0,0,0,0,0,0,0,0,0,0,0,0,0,0,0,0,0,0,0,0,0,0,0,0,0,0,0,0,0,0,0,0,0,0,0,0,0,0,0,0,0,0,0,0,0,0,0,0,0,0,0,0,0,0,0,0,0,0,0,0,0,0,0,0,0,0,1.265833e+02,0,0,0,0,0,0,0,0,0,0,0,0,0,0,0,0,0,0,0,0,0,0,0,0,0,0,0,0,0,0,0,0,0,0,0,0,0,0,0,0,0,0,0,0,1.386540e+05,0,0,0,0,0,0,0,0,0,0,0,0,0,0,8.812179e+01,1.092329e-08,0,0,0,0,6.072171e+02,5.481634e+00,0,0,0,0,0,0,
"Waste treatment: recycling (Timber)",0,0,0,0,0,0,0,0,0,0,0,0,0,0,0,0,0,0,0,0,0,0,0,0,0,0,0,0,0,0,0,0,0,0,0,0,0,0,0,0,0,0,0,0,0,0,0,0,0,0,0,0,0,0,0,0,0,0,6.179636e+02,5.504142e+03,3.694099e+02,2.996155e+03,4.241198e-04,0,0,0,0,0,0,0,0,0,0,0,0,0,0,0,0,0,0,0,0,0,0,0,0,0,0,0,0,0,0,0,0,0,0,0,0,0,0,0,0,0,0,2.991923e-08,4.593716e-08,0,3.430605e-08,1.326375e-08,0,3.438445e-08,3.400566e-08,0,3.750133e-08,3.716598e-08,0,0,0,0,0,0,0,0,1.934797e+04,0,0,0,0,0,0,0,0,0,0,0,0,1.474918e+05,6.474658e+02,3.711418e-08,0,0,0,0,2.433809e+03,1.919563e-05,0,0,0,0,0,0,
"Waste treatment: recycling (Glass)",0,0,0,0,0,0,0,0,0,0,0,0,0,0,0,0,0,0,0,0,0,0,0,0,0,0,0,0,0,0,0,0,0,0,0,0,0,0,0,0,0,0,0,0,0,0,0,0,0,0,0,0,3.230010e+05,1.554911e-04,7.512664e-04,0,0,0,0,0,0,0,0,0,0,0,0,0,0,0,0,0,0,0,0,0,0,0,0,0,0,0,0,0,0,0,0,0,0,0,0,0,0,0,0,0,0,0,0,0,0,0,0,0,0,0,0,0,0,0,0,0,0,0,0,0,0,0,0,0,0,0,0,0,0,1.216683e+04,0,0,0,0,0,0,0,0,0,0,0,0,1.609648e+03,1.359169e-08,0,0,0,0,4.211943e+04,8.194965e-05,0,0,0,0,0,0,
"Waste treatment: recycling (All other waste)",0,0,0,0,0,0,0,0,0,0,0,0,0,0,0,0,0,0,0,0,0,0,0,0,0,0,0,0,0,0,0,0,0,0,0,0,0,0,0,0,0,0,0,0,0,0,0,0,0,0,0,0,0,0,0,0,0,0,0,0,0,0,0,0,0,0,0,0,0,0,0,0,0,0,0,0,0,0,0,0,0,0,0,0,0,0,0,0,0,0,0,0,0,0,0,0,0,0,0,0,0,0,0,0,0,0,0,0,0,0,0,0,0,0,0,0,0,0,0,0,0,0,0,0,0,0,2.345697e+06,0,0,0,0,0,0,0,0,0,0,1.028757e+06,3.256747e+03,2.175271e-08,0,0,0,0,1.223115e+06,1.621064e-03,0,0,0,0,0,0,
"Waste treatment: Energy recovery",0,0,0,0,0,0,0,0,0,0,0,0,0,0,0,0,0,0,0,0,0,0,0,0,0,0,0,0,0,0,0,0,0,0,0,0,0,0,0,0,0,0,0,0,0,0,0,0,0,0,0,0,0,0,0,0,0,0,0,0,0,0,0,0,0,0,0,0,0,0,0,0,0,0,0,0,0,0,0,0,0,0,0,0,0,0,0,0,0,0,0,0,0,0,0,0,0,0,0,0,0,0,0,0,0,0,0,0,0,0,0,0,0,0,0,0,0,0,0,0,0,0,0,0,0,0,6.257481e+05,0,0,0,0,0,0,0,0,0,2.318374e+05,0,0,1.178263e-08,0,0,0,0,0,0,5.547040e+06,0,0,0,0,0,
"Waste treatment: Exports",0,0,0,0,0,0,0,0,0,0,0,0,0,0,0,0,0,0,0,0,0,0,0,0,0,0,0,0,0,0,0,0,0,0,0,0,0,0,0,0,0,0,0,0,0,0,0,0,0,0,0,0,0,0,0,0,0,0,0,0,0,0,0,0,0,0,0,0,0,0,0,0,0,0,0,0,0,0,0,0,0,0,0,0,0,0,0,0,0,0,0,0,0,0,0,0,0,0,0,0,0,0,0,0,0,0,0,0,0,0,0,0,0,0,0,0,0,0,0,0,0,0,0,0,0,0,0,0,0,0,0,0,0,0,0,0,0,0,0,0,0,0,0,0,0,4.533773e+04,0,0,0,0,0,0,
"Waste treatment: residues",0,0,0,0,0,0,0,0,0,0,0,0,0,0,0,0,0,0,0,0,0,0,0,0,0,0,0,0,0,0,0,0,0,0,0,0,0,0,0,0,0,0,0,0,0,0,0,0,0,0,0,0,0,0,0,0,0,0,0,0,0,0,0,0,0,0,0,0,0,0,0,0,0,0,0,0,0,0,0,0,0,0,0,0,0,0,0,0,0,0,0,0,0,0,0,0,0,0,0,0,0,0,0,0,0,0,0,0,0,0,0,0,0,0,0,0,0,0,0,0,0,0,0,0,0,0,0,0,0,0,0,0,0,0,0,0,0,0,0,0,0,0,0,0,0,0,2.676159e-07,0,0,0,0,0,
"Waste imports",0,0,0,0,0,0,0,0,0,0,0,0,0,0,0,0,0,0,0,0,0,0,0,0,0,0,0,0,0,0,0,0,0,0,0,0,0,0,0,0,0,0,0,0,0,0,0,0,0,0,0,0,0,0,0,0,0,0,0,0,0,0,0,0,0,0,0,0,0,0,0,0,0,0,0,0,0,0,0,0,0,0,0,0,0,0,0,0,0,0,0,0,0,0,0,0,0,0,0,0,0,0,0,0,0,0,0,0,0,0,0,0,0,0,0,0,0,4.193299e-04,5.658500e-04,7.553963e+00,4.044879e-02,8.185339e-04,1.027808e+06,5.818542e+03,1.012613e+02,1.887519e+01,1.593424e+03,2.465757e+05,2.332195e+04,5.137377e-04,8.414478e-01,2.166298e-05,3.742242e+04,2.674057e+03,9.642575e+01,4.329274e+01,5.957125e+02,6.725317e+02,2.180515e+00,0,0,0,0,0,2.397784e+02,0,0,0,0,0,0,0,
"Water",2.660018e+04,6.465512e+03,1.996640e+04,2.793806e+04,1.914555e+03,3.248310e+03,1.539896e+03,2.494381e+04,7.630465e+05,1.209230e-17,4.293589e+04,4.749647e-14,8.927163e+06,3.244675e+06,6.472927e-16,8.865972e-41,4.479974e-03,0,0,0,0,0,0,0,0,0,0,0,0,0,0,0,0,0,0,0,0,0,0,0,0,0,0,0,0,0,0,0,0,0,0,0,0,0,0,0,8.314968e-08,9.505421e-08,0,0,0,0,0,0,0,0,0,0,0,0,0,0,0,0,0,0,0,0,0,6.445451e+02,2.510582e-08,2.510095e-08,1.320113e+02,0,0,0,0,0,0,0,0,0,0,0,0,0,0,0,0,2.837533e-26,1.433308e-11,5.195655e+00,2.564024e-03,4.076499e-02,6.359391e+00,0,0,0,0,0,0,0,0,0,0,0,0,0,0,0,0,0,0,0,0,0,0,0,0,0,0,0,0,0,0,0,0,0,0,0,0,1.167777e-15,1.317834e-06,1.011286e-05,3.051221e-11,0,2.033785e-27,0,0,0,0,0,
"Households",0,0,0,0,0,0,0,0,0,0,0,0,0,0,0,0,0,0,0,0,0,0,0,0,0,0,0,0,0,0,0,0,0,0,0,0,0,0,0,0,0,0,0,0,0,0,0,0,0,0,0,0,0,0,0,0,0,0,0,0,0,0,0,0,0,0,0,0,0,0,0,0,0,0,0,0,0,0,0,0,0,0,0,0,0,0,0,0,0,0,0,0,0,0,0,0,0,0,0,0,0,0,0,0,0,0,0,0,0,0,0,0,0,0,0,0,0,2.807863e-281,2.833147e-274,1.251406e-07,4.728899e-08,2.840818e-278,3.665087e-07,1.143276e-07,1.863432e-08,6.342566e-05,6.803427e-08,1.838322e-05,3.106425e-157,3.929641e-08,1.611036e-03,2.579842e-279,5.978690e-08,3.998103e-08,3.391491e-08,3.235765e-05,5.631518e-08,2.660832e-08,4.064748e-08,0,0,6.279875e-01,4.217770e-178,0,2.591985e-162,0,3.435306e-161,0,0,0,0,3.435306e-161,
"Mining services",0,0,0,0,0,0,0,0,0,0,0,0,0,0,0,0,0,0,0,0,0,0,0,0,0,0,0,0,0,0,0,0,0,0,0,0,0,0,0,0,0,0,0,0,0,0,0,0,0,0,0,0,0,0,0,0,0,0,0,0,0,0,0,0,0,0,0,0,0,0,0,0,0,0,0,0,0,0,0,0,0,0,0,0,0,0,0,0,0,0,0,0,0,0,0,0,0,0,0,0,0,0,0,0,0,0,0,0,0,0,0,0,0,0,0,0,0,0,0,9.997598e-09,1.780007e-08,0,1.001769e-08,1.000027e-08,9.996669e-09,1.002835e-08,1.000479e-08,1.000245e-08,1.322418e-302,1.070802e-08,5.440277e-06,0,1.001579e-08,9.999960e-09,1.001047e-08,1.002948e-08,1.001264e-08,1.000511e-08,1.002313e-08,0,0,4.503932e-06,0,0,1.103416e-317,0,1.462424e-306,0,0,0,0,0,
"RoE",0,0,0,0,0,0,0,0,0,0,0,0,0,0,0,0,0,0,0,0,0,0,0,0,0,0,0,2.546993e-08,5.720594e+07,0,0,0,0,0,0,0,0,0,0,0,0,0,0,0,0,0,0,0,0,0,0,0,0,0,0,0,0,0,0,0,0,0,0,0,0,0,0,0,0,0,0,0,0,0,0,0,0,0,0,0,0,0,0,0,0,0,0,0,0,0,0,0,0,0,0,0,0,0,0,7.639062e-153,1.876250e-264,9.273519e-177,9.055707e-211,1.027657e-321,3.361418e-170,2.979329e+06,7.531346e+05,0,9.878474e+05,4.019771e+05,0,4.520066e+05,9.341729e+05,0,1.940981e+06,2.418674e+06,0,5.006207e-274,5.051287e-267,1.395176e-06,2.772538e-08,5.064964e-271,4.062918e-01,2.300065e-03,4.002891e-05,2.468928e-04,5.002237e-04,7.348627e-02,5.538521e-150,1.346082e-08,5.640504e-05,4.599664e-272,1.520257e-02,1.057054e-03,3.811722e-05,1.259071e-04,1.909546e-04,2.732128e-04,5.988513e-07,0,0,1.119654e+07,7.519965e-171,0,4.621314e-155,2.241974e+02,6.124892e-154,0,0,0,0,6.124892e-154,
"RoW",1.770274e+07,2.858164e+03,6.435433e+05,1.859311e+07,1.274159e+06,4.040206e+03,9.076159e+05,8.039719e+05,9.490675e+05,1.660461e-73,2.857434e+07,3.470306e+07,6.139268e+00,9.430399e+05,0,0,6.272709e-259,0,1.731386e+03,0,1.020811e+03,4.041288e+03,6.652740e+04,8.172917e-01,9.905096e+05,0,0,0,0,0,0,0,0,0,0,0,0,0,0,0,0,0,0,0,0,0,0,0,0,0,0,0,5.413052e-19,1.129631e-22,1.422911e-235,1.768932e-257,0,0,1.100648e+05,3.508227e+05,9.413187e+04,4.509334e+04,3.002684e+03,1.002375e-08,0,1.177529e-08,7.727147e-30,1.155734e-154,0,1.545745e-08,9.953823e-09,7.175027e-08,2.136923e-314,1.059256e-08,1.043299e-08,1.069851e-08,6.288752e-294,0,0,0,0,0,0,0,0,0,0,0,1.926217e+03,3.490692e-17,1.331533e-09,3.241200e-14,2.820849e-17,7.879553e-06,5.226209e-13,1.296719e-294,9.418815e-36,0,1.332465e+06,1.277488e-153,3.137673e-265,1.550820e-177,1.514395e-211,0,5.621334e-171,0,0,0,0,0,0,0,0,0,0,0,0,0,0,0,0,0,0,0,0,0,0,0,0,0,0,0,0,0,0,0,0,0,0,0,1.346992e+06,0,0,0,7.728271e-156,0,0,0,0,0,0,0,
"Nature ",1.770274e+07,2.858164e+03,6.435433e+05,1.859311e+07,1.274159e+06,4.040206e+03,9.076159e+05,8.039719e+05,9.490675e+05,1.660461e-73,2.857434e+07,3.470306e+07,6.139268e+00,2.083664e+01,3.235069e+06,0,6.272709e-259,3.230979e+07,3.686170e+06,1.395038e+07,7.052410e+04,1.531257e+05,1.350329e+05,4.949221e+06,1.347721e+07,1.915889e+06,9.996244e+06,3.462223e+05,9.566608e+06,5.571020e+05,1.168463e+01,7.036151e+04,8255000,1.912363e+08,8.007401e+07,9.840599e+06,1.127503e+07,1.231418e+07,4.932375e+05,4.958957e+07,4.068057e+07,4.639626e+07,2.094369e+07,4.306345e+07,2.663542e+07,2.350625e+03,7.135531e+04,2.440735e+06,3.041132e+05,5286,4.379530e+07,0,0,0,0,0,0,0,0,0,0,0,0,0,0,0,0,0,0,0,0,0,0,0,0,0,0,0,0,0,0,0,0,5.635138e+07,1.826119e+08,6.761460e+06,3.901651e+07,1.171980e+07,1.926217e+03,0,0,0,0,0,0,0,0,0,0,0,0,0,0,0,0,0,0,0,0,0,0,0,0,0,0,0,0,0,0,0,0,0,0,0,0,0,0,0,0,0,0,0,0,0,0,0,0,0,0,0,0,1.872409e+06,0,0,7.728271e-156,0,0,0,0,0,0,0,
"Decrease in residential building stock",0,0,0,0,0,0,0,0,0,0,0,0,0,0,0,0,0,0,0,0,0,0,0,0,0,0,0,0,0,0,0,0,0,0,0,0,0,0,0,0,0,0,0,0,0,0,0,0,0,0,0,0,0,0,0,0,0,0,0,0,0,0,0,0,0,0,0,0,0,0,0,0,0,0,0,0,0,0,0,0,0,0,0,0,0,0,0,0,0,0,0,0,0,0,0,0,0,0,0,0,0,0,0,0,0,0,0,5.316194e+05,0,0,0,0,0,0,0,0,0,0,0,0,0,0,0,0,0,0,0,0,0,0,0,0,0,0,0,0,0,0,0,0,0,0,0,0,0,0,0,0,0,0,0,0,
"Decrease in commercial building stock",0,0,0,0,0,0,0,0,0,0,0,0,0,0,0,0,0,0,0,0,0,0,0,0,0,0,0,0,0,0,0,0,0,0,0,0,0,0,0,0,0,0,0,0,0,0,0,0,0,0,0,0,0,0,0,0,0,0,0,0,0,0,0,0,0,0,0,0,0,0,0,0,0,0,0,0,0,0,0,0,0,0,0,0,0,0,0,0,0,0,0,0,0,0,0,0,0,0,0,0,0,0,0,0,0,0,0,0,0,0,4.499668e+05,0,0,0,0,0,0,0,0,0,0,0,0,0,0,0,0,0,0,0,0,0,0,0,0,0,0,0,0,0,0,0,0,0,0,0,0,0,0,0,0,0,
"Decrease in other non-building stock",0,0,0,0,0,0,0,0,0,0,0,0,0,0,0,0,0,0,0,0,0,0,0,0,0,0,0,0,0,0,0,0,0,0,0,0,0,0,0,0,0,0,0,0,0,0,0,0,0,0,0,0,0,0,0,0,0,0,0,0,0,0,0,0,0,0,0,0,0,0,0,0,0,0,0,0,0,0,0,0,0,0,0,0,0,0,0,0,0,0,0,0,0,0,0,0,0,0,0,0,0,0,0,0,0,0,0,0,0,0,0,0,0,3.017846e+04,0,0,0,0,0,0,0,0,0,0,0,0,0,0,0,0,0,0,0,0,0,0,0,0,0,0,0,0,0,0,0,0,0,0,0,0,0,0,
"Decrease in infrastructure stock",0,0,0,0,0,0,0,0,0,0,0,0,0,0,0,0,0,0,0,0,0,0,0,0,0,0,0,0,0,0,0,0,0,0,0,0,0,0,0,0,0,0,0,0,0,0,0,0,0,0,0,0,0,0,0,0,0,0,0,0,0,0,0,0,0,0,0,0,0,0,0,0,0,0,0,0,0,0,0,0,0,0,0,0,0,0,0,0,0,0,0,0,0,0,0,0,0,0,0,0,0,0,0,0,0,0,0,0,0,0,0,0,0,0,0,0,6.260964e+04,0,0,0,0,0,0,0,0,0,0,0,0,0,0,0,0,0,0,0,0,0,0,0,0,0,0,0,0,0,0,0,0,0,0,0,
"Decrease in other material stock",0,0,0,0,0,0,0,0,0,0,0,0,0,0,0,0,0,0,0,0,0,0,0,0,0,0,0,0,0,0,0,0,0,0,0,0,0,0,0,0,0,0,0,0,0,0,0,0,0,0,0,0,0,0,0,0,0,0,0,0,0,0,0,0,0,0,0,0,0,0,0,0,0,0,0,0,0,0,0,0,0,0,0,0,0,0,0,0,0,0,0,0,0,0,0,0,0,0,0,0,0,0,0,0,0,0,0,0,0,0,0,0,0,0,0,0,0,8.371932e-275,8.447320e-268,1.016544e-06,2.442291e-08,8.470191e-272,2.960297e-01,1.675858e-03,2.916561e-05,1.837088e-05,3.644698e-04,5.354309e-02,9.262127e-151,1.095923e-08,8.312666e-05,7.692065e-273,1.107680e-02,7.701841e-04,2.777273e-05,1.030884e-05,1.391321e-04,1.990665e-04,4.363312e-07,0,0,0,1.257571e-171,0,7.728271e-156,0,0,0,0,0,0,0,
